,US State Name,State_x,State_x,Month_x,Avg_temp,Density (Pop./ mi2),Population,sick death,all death,Children 0-18,Adults 19-25,Adults 26-34,Adults 35-54,Adults 55-64,65+,Sick_death_rate(in million people),All_death_rate(in million people)
0,Alabama,AL,Alabama,January,45.525,95.0,4858979,93.25581395348836,1081.8837209302326,0.24,0.09,0.11,0.26,0.14,0.17,0.019192471083634723,0.2226565953321125
1,Alaska,AK,Alaska,January,11.929999999999998,1.0,738432,4.813953488372093,82.25581395348838,0.27,0.09,0.14,0.26,0.13,0.11,0.006519156115081812,0.11139253709683272
2,Arizona,AZ,Arizona,January,45.96,60.0,6828065,90.23255813953487,1099.3953488372092,0.25,0.09,0.12,0.25,0.12,0.17,0.013214953012242103,0.16101125997441576
3,Arkansas,AR,Arkansas,January,40.43333333333333,57.0,2978204,67.4186046511628,660.2093023255812,0.25,0.09,0.11,0.25,0.13,0.17,0.02263733600893787,0.2216803490713132
4,California,CA,California,January,49.23749999999999,251.0,39144818,612.1395348837209,5480.674418604651,0.24,0.1,0.14,0.27,0.12,0.14,0.015637817881378857,0.14001021587594686
5,Colorado,CO,Colorado,January,27.08,52.0,5456574,60.32558139534883,731.6046511627907,0.24,0.09,0.14,0.27,0.13,0.14,0.011055578352891178,0.1340776558996159
6,Connecticut,CT,Connecticut,January,28.6,741.0,3590886,61.16279069767442,645.7674418604653,0.22,0.09,0.11,0.27,0.15,0.17,0.01703278541776999,0.17983512755917766
7,Delaware,DE,Delaware,January,32.4,485.0,945934,14.83720930232558,179.95348837209306,0.22,0.08,0.12,0.25,0.14,0.18,0.015685247916160723,0.19023894729663282
8,Florida,FL,Florida,January,59.2769230769231,378.0,20271272,259.86046511627904,3878.139534883721,0.21,0.08,0.11,0.25,0.14,0.2,0.012819149440463286,0.19131209599889543
9,Georgia,GA,Georgia,January,46.1,177.0,10214860,124.88372093023256,1637.7906976744187,0.26,0.09,0.12,0.27,0.12,0.14,0.012225690898380649,0.16033413063658422
10,Hawaii,HI,Hawaii,January,71.225,222.0,1431603,25.790697674418613,215.55813953488368,0.23,0.07,0.13,0.25,0.13,0.18,0.018015258192682338,0.15057117059330255
11,Idaho,ID,Idaho,January,30.4,20.0,1654930,22.27906976744186,258.6279069767442,0.27,0.09,0.11,0.24,0.13,0.15,0.013462242975498579,0.15627724857047984
12,Illinois,IL,Illinois,January,23.9,231.0,12859995,207.55813953488368,2236.395348837209,0.24,0.09,0.12,0.26,0.13,0.15,0.016139830500313854,0.17390328292018847
13,Indiana,IN,Indiana,January,27.475,184.0,6619680,123.27906976744184,1305.7441860465115,0.25,0.09,0.12,0.26,0.13,0.15,0.018623116188009367,0.19725185900927408
14,Iowa,IA,Iowa,January,19.65,55.0,3123899,62.0,625.7209302325581,0.25,0.09,0.11,0.25,0.14,0.16,0.01984699249239492,0.2003012678170959
15,Kansas,KS,Kansas,January,30.46,36.0,2911641,53.465116279069775,559.5348837209302,0.26,0.09,0.12,0.24,0.13,0.15,0.018362537235555403,0.1921716598031592
16,Kentucky,KY,Kentucky,January,34.225,112.0,4425092,101.86046511627909,960.2558139534883,0.24,0.09,0.11,0.26,0.14,0.16,0.023018835566871624,0.21700245191591233
17,Louisiana,LA,Louisiana,January,50.825,108.0,4670724,69.79069767441861,917.3023255813954,0.26,0.09,0.12,0.25,0.13,0.15,0.014942158362262169,0.19639403346919992
18,Maine,ME,Maine,January,16.25,43.0,1329328,25.51162790697675,289.25581395348837,0.2,0.07,0.11,0.26,0.16,0.2,0.019191371811153265,0.21759551739938404
19,Maryland,MD,Maryland,January,32.9,618.0,6006401,89.32558139534883,968.0697674418603,0.24,0.09,0.12,0.27,0.14,0.15,0.014871731240612944,0.1611730164938805
20,Massachusetts,MA,Massachusetts,January,26.2,871.0,6794422,127.69767441860463,1203.7674418604652,0.22,0.09,0.13,0.27,0.14,0.16,0.018794486774387085,0.1771699552751456
21,Michigan,MI,Michigan,January,21.411111111111115,175.0,9922576,157.88372093023256,1945.0697674418604,0.23,0.09,0.11,0.25,0.14,0.17,0.015911565800073746,0.1960246782127807
22,Minnesota,MN,Minnesota,January,11.5,68.0,5489594,80.62790697674419,871.3255813953488,0.24,0.09,0.12,0.26,0.14,0.15,0.01468740802630289,0.15872313715647257
23,Mississippi,MS,Mississippi,January,44.36666666666667,63.0,2992333,59.139534883720934,654.0465116279071,0.26,0.1,0.11,0.25,0.13,0.16,0.01976368769241957,0.2185741064339788
24,Missouri,MO,Missouri,January,31.275,88.0,6083672,115.046511627907,1248.5581395348838,0.24,0.09,0.12,0.25,0.14,0.16,0.018910702553968557,0.20523100843288128
25,Montana,MT,Montana,January,23.133333333333336,7.0,1032949,16.46511627906977,189.2093023255814,0.23,0.09,0.11,0.24,0.15,0.18,0.015939912114799247,0.18317390531921848
26,Nebraska,NE,Nebraska,January,24.2625,24.0,1896190,35.30232558139535,343.4418604651163,0.26,0.09,0.12,0.24,0.13,0.15,0.01861750435420256,0.1811220713457598
27,Nevada,NV,Nevada,January,32.82,26.0,2890845,42.06976744186046,459.8372093023256,0.24,0.09,0.13,0.27,0.13,0.16,0.014552757910528052,0.15906671208671708
28,New Hampshire,NH,New Hampshire,January,12.65,148.0,1330608,22.90697674418605,241.4883720930233,0.2,0.08,0.11,0.27,0.16,0.18,0.01721542087841502,0.18148723898625538
29,New Jersey,NJ,New Jersey,January,33.36666666666667,1218.0,8958013,121.09302325581396,1570.7906976744187,0.23,0.08,0.12,0.27,0.14,0.16,0.013517844108488563,0.17535034808214933
30,New Mexico,NM,New Mexico,January,37.46666666666667,17.0,2085109,35.2093023255814,367.0697674418605,0.25,0.09,0.12,0.24,0.14,0.17,0.016886072778728306,0.17604344302473418
31,New York,NY,New York,January,27.422222222222214,420.0,19795791,207.906976744186,2110.558139534884,0.22,0.09,0.13,0.26,0.13,0.16,0.010502584955770953,0.10661650951633526
32,North Carolina,NC,North Carolina,January,41.11666666666667,206.0,10042802,190.0,1828.2093023255813,0.24,0.09,0.12,0.27,0.13,0.16,0.018919022798617357,0.18204175511232634
33,North Dakota,ND,North Dakota,January,9.95,10.0,756927,13.627906976744184,127.13953488372091,0.24,0.1,0.14,0.24,0.13,0.15,0.01800425533339963,0.16796802714623854
34,Ohio,OH,Ohio,January,27.4125,284.0,11614373,218.0,2471.4418604651164,0.24,0.09,0.12,0.25,0.14,0.17,0.018769846637437942,0.2127916729095162
35,Oklahoma,OK,Oklahoma,January,38.1,57.0,3911338,88.55813953488372,828.7441860465117,0.26,0.09,0.12,0.25,0.13,0.15,0.022641392673014637,0.21188252870156238
36,Oregon,OR,Oregon,January,38.1625,41.0,4028977,56.534883720930225,719.1395348837209,0.22,0.09,0.13,0.26,0.13,0.17,0.014032069113556674,0.17849184417873842
37,Pennsylvania,PA,Pennsylvania,January,28.600000000000005,286.0,12802503,234.95348837209306,2805.9767441860467,0.22,0.08,0.12,0.25,0.14,0.18,0.0183521525729846,0.21917407433421782
38,Rhode Island,RI,Rhode Island,January,29.2,1021.0,1056298,22.465116279069772,207.67441860465115,0.21,0.09,0.12,0.26,0.14,0.17,0.02126778265136332,0.1966058996652944
39,South Carolina,SC,South Carolina,January,46.25,162.0,4896146,88.46511627906976,963.7674418604653,0.23,0.09,0.11,0.26,0.14,0.18,0.018068316647230243,0.19684205533504626
40,South Dakota,SD,South Dakota,January,17.575000000000006,11.0,858469,18.186046511627904,155.90697674418604,0.26,0.09,0.12,0.24,0.14,0.16,0.021184278653775385,0.18161049116996192
41,Tennessee,TN,Tennessee,January,38.38333333333333,160.0,6600299,142.8372093023256,1373.046511627907,0.24,0.09,0.12,0.26,0.13,0.16,0.021641021005612868,0.20802792595121933
42,Texas,TX,Texas,January,47.438095238095244,105.0,27469114,386.62790697674416,3939.325581395349,0.28,0.1,0.13,0.26,0.11,0.12,0.014075004638909873,0.1434092698219298
43,Utah,UT,Utah,January,28.7,36.0,2995919,30.6046511627907,332.6511627906977,0.32,0.11,0.13,0.24,0.1,0.11,0.010215446800394368,0.1110347652225236
44,Vermont,VT,Vermont,January,18.7,67.0,626042,13.046511627906975,117.72093023255816,0.2,0.09,0.11,0.25,0.16,0.19,0.020839674698992998,0.1880399881039262
45,Virginia,VA,Virginia,January,37.5,212.0,8382993,116.11627906976744,1360.4651162790694,0.24,0.09,0.12,0.27,0.13,0.15,0.013851410715691573,0.16228870956698513
46,Washington,WA,Washington,January,37.48571428571428,107.0,7170351,107.86046511627909,1101.8837209302326,0.24,0.09,0.13,0.26,0.13,0.15,0.015042564180788233,0.15367221506035514
47,West Virginia,WV,West Virginia,January,32.1,76.0,1844128,49.6046511627907,479.0,0.22,0.08,0.1,0.26,0.15,0.19,0.026898702889816054,0.2597433583785941
48,Wisconsin,WI,Wisconsin,January,18.775,106.0,5771337,91.48837209302326,1060.9767441860465,0.23,0.09,0.11,0.26,0.14,0.17,0.015852197175979025,0.18383552098691283
49,Wyoming,WY,Wyoming,January,25.075,6.0,586107,9.232558139534882,94.69767441860463,0.25,0.09,0.12,0.24,0.14,0.16,0.01575234238720043,0.1615706251906301
50,Alabama,AL,Alabama,February,49.35,95.0,4858979,79.02702702702703,1052.7567567567567,0.24,0.09,0.11,0.26,0.14,0.17,0.016264121953815203,0.2166621334969253
51,Alaska,AK,Alaska,February,14.865,1.0,738432,5.270270270270269,77.0,0.27,0.09,0.14,0.26,0.13,0.11,0.007137109808716672,0.10427500433350667
52,Arizona,AZ,Arizona,February,49.06,60.0,6828065,84.86486486486487,1088.162162162162,0.25,0.09,0.12,0.25,0.12,0.17,0.01242883084224665,0.15936611062755876
53,Arkansas,AR,Arkansas,February,44.76666666666667,57.0,2978204,60.405405405405396,631.1891891891893,0.25,0.09,0.11,0.25,0.13,0.17,0.020282494216449037,0.21193618341429576
54,California,CA,California,February,51.65625,251.0,39144818,550.0,5264.4324324324325,0.24,0.1,0.14,0.27,0.12,0.14,0.014050391037710278,0.13448606230414542
55,Colorado,CO,Colorado,February,31.160000000000004,52.0,5456574,54.78378378378378,710.6216216216217,0.24,0.09,0.14,0.27,0.13,0.14,0.010039959832631937,0.1302321972764635
56,Connecticut,CT,Connecticut,February,31.45,741.0,3590886,58.7027027027027,636.6216216216218,0.22,0.09,0.11,0.27,0.15,0.17,0.016347693216298902,0.1772881738995952
57,Delaware,DE,Delaware,February,35.1,485.0,945934,13.432432432432432,171.972972972973,0.22,0.08,0.12,0.25,0.14,0.18,0.014200179327978941,0.18180229590327973
58,Florida,FL,Florida,February,61.95384615384614,378.0,20271272,245.78378378378375,3811.45945945946,0.21,0.08,0.11,0.25,0.14,0.2,0.012124734145138191,0.18802270816845928
59,Georgia,GA,Georgia,February,49.85,177.0,10214860,112.4054054054054,1570.1891891891892,0.26,0.09,0.12,0.27,0.12,0.14,0.011004106312314159,0.15371617322109057
60,Hawaii,HI,Hawaii,February,71.05000000000003,222.0,1431603,23.89189189189189,213.62162162162159,0.23,0.07,0.13,0.25,0.13,0.18,0.016688908790978986,0.14921847860169443
61,Idaho,ID,Idaho,February,34.53333333333333,20.0,1654930,19.702702702702698,255.45945945945942,0.27,0.09,0.11,0.24,0.13,0.15,0.011905459870026343,0.15436269779353776
62,Illinois,IL,Illinois,February,28.26,231.0,12859995,181.0,2140.0,0.24,0.09,0.12,0.26,0.13,0.15,0.014074655550021598,0.16640752970743766
63,Indiana,IN,Indiana,February,31.175,184.0,6619680,110.0,1255.8108108108106,0.25,0.09,0.12,0.26,0.13,0.15,0.016617117443743504,0.18970868845787267
64,Iowa,IA,Iowa,February,24.375,55.0,3123899,54.16216216216216,596.027027027027,0.25,0.09,0.11,0.25,0.14,0.16,0.01733800041619853,0.19079586984951402
65,Kansas,KS,Kansas,February,34.419999999999995,36.0,2911641,51.7027027027027,534.7837837837837,0.26,0.09,0.12,0.24,0.13,0.15,0.01775723817005692,0.1836709208943629
66,Kentucky,KY,Kentucky,February,38.25,112.0,4425092,93.64864864864865,927.1891891891893,0.24,0.09,0.11,0.26,0.14,0.16,0.021163096416673063,0.2095299237143972
67,Louisiana,LA,Louisiana,February,54.27500000000001,108.0,4670724,58.37837837837838,881.3783783783783,0.26,0.09,0.12,0.25,0.13,0.15,0.012498785708249594,0.18870273182024422
68,Maine,ME,Maine,February,19.8,43.0,1329328,23.81081081081081,274.59459459459464,0.2,0.07,0.11,0.26,0.16,0.2,0.01791191550227695,0.20656647162671263
69,Maryland,MD,Maryland,February,35.8,618.0,6006401,82.32432432432431,967.3513513513514,0.24,0.09,0.12,0.27,0.14,0.15,0.013706098597866562,0.16105340808103744
70,Massachusetts,MA,Massachusetts,February,28.866666666666664,871.0,6794422,116.75675675675676,1176.5135135135135,0.22,0.09,0.13,0.27,0.14,0.16,0.01718420739199843,0.1731587342548805
71,Michigan,MI,Michigan,February,23.488888888888887,175.0,9922576,149.9189189189189,1915.675675675676,0.23,0.09,0.11,0.25,0.14,0.17,0.015108870813276604,0.19306233337750964
72,Minnesota,MN,Minnesota,February,16.7,68.0,5489594,68.0,839.6216216216217,0.24,0.09,0.12,0.26,0.14,0.15,0.012387072705194593,0.15294785399824132
73,Mississippi,MS,Mississippi,February,48.40000000000001,63.0,2992333,49.16216216216216,626.5405405405405,0.26,0.1,0.11,0.25,0.13,0.16,0.016429375394437104,0.2093819573358114
74,Missouri,MO,Missouri,February,35.85,88.0,6083672,104.18918918918921,1203.0,0.24,0.09,0.12,0.25,0.14,0.16,0.01712603657613185,0.19774241609343832
75,Montana,MT,Montana,February,26.95,7.0,1032949,14.432432432432432,190.62162162162159,0.23,0.09,0.11,0.24,0.15,0.18,0.013972066803329526,0.18454117446420062
76,Nebraska,NE,Nebraska,February,28.2375,24.0,1896190,31.135135135135137,327.97297297297297,0.26,0.09,0.12,0.24,0.13,0.15,0.016419839327881245,0.17296419291999904
77,Nevada,NV,Nevada,February,37.28,26.0,2890845,38.54054054054054,452.24324324324317,0.24,0.09,0.13,0.27,0.13,0.16,0.013331929086665159,0.15643981024345588
78,New Hampshire,NH,New Hampshire,February,15.2,148.0,1330608,21.83783783783784,242.1891891891892,0.2,0.08,0.11,0.27,0.16,0.18,0.016411924351753364,0.18201392836146274
79,New Jersey,NJ,New Jersey,February,35.7,1218.0,8958013,110.4864864864865,1503.8108108108108,0.23,0.08,0.12,0.27,0.14,0.16,0.012333816270023999,0.1678732561351285
80,New Mexico,NM,New Mexico,February,41.533333333333346,17.0,2085109,35.594594594594604,368.5135135135135,0.25,0.09,0.12,0.24,0.14,0.17,0.017070855573782764,0.1767358509859741
81,New York,NY,New York,February,29.722222222222218,420.0,19795791,188.5675675675676,2049.027027027027,0.22,0.09,0.13,0.26,0.13,0.16,0.00952563944363565,0.10350821682382012
82,North Carolina,NC,North Carolina,February,44.16666666666666,206.0,10042802,169.54054054054058,1774.5405405405404,0.24,0.09,0.12,0.27,0.13,0.16,0.01688179658829683,0.17669775233451188
83,North Dakota,ND,North Dakota,February,15.4,10.0,756927,10.972972972972975,121.89189189189187,0.24,0.1,0.14,0.24,0.13,0.15,0.01449673875152158,0.1610352014023702
84,Ohio,OH,Ohio,February,30.4,284.0,11614373,187.75675675675674,2374.5945945945946,0.24,0.09,0.12,0.25,0.14,0.17,0.016165896924160844,0.20445310259921862
85,Oklahoma,OK,Oklahoma,February,42.75,57.0,3911338,84.16216216216216,806.8378378378377,0.26,0.09,0.12,0.25,0.13,0.15,0.02151748638500742,0.20628179866783125
86,Oregon,OR,Oregon,February,40.52500000000001,41.0,4028977,47.8918918918919,690.8648648648648,0.22,0.09,0.13,0.26,0.13,0.17,0.01188686157600103,0.17147401557885905
87,Pennsylvania,PA,Pennsylvania,February,31.2625,286.0,12802503,215.86486486486487,2730.513513513513,0.22,0.08,0.12,0.25,0.14,0.18,0.016861145423271124,0.213279662071824
88,Rhode Island,RI,Rhode Island,February,32.0,1021.0,1056298,21.324324324324323,204.75675675675674,0.21,0.09,0.12,0.26,0.14,0.17,0.020187792009758915,0.1938437417819183
89,South Carolina,SC,South Carolina,February,49.625,162.0,4896146,78.97297297297297,938.8648648648648,0.23,0.09,0.11,0.26,0.14,0.18,0.016129619699447886,0.19175589634477092
90,South Dakota,SD,South Dakota,February,22.025,11.0,858469,16.89189189189189,151.48648648648648,0.26,0.09,0.12,0.24,0.14,0.16,0.019676763973878953,0.17646121931774647
91,Tennessee,TN,Tennessee,February,42.43333333333333,160.0,6600299,122.5135135135135,1330.054054054054,0.24,0.09,0.12,0.26,0.13,0.16,0.018561812656292313,0.20151421231887434
92,Texas,TX,Texas,February,51.171428571428564,105.0,27469114,336.40540540540536,3755.756756756757,0.28,0.1,0.13,0.26,0.11,0.12,0.01224667841144805,0.13672653427251993
93,Utah,UT,Utah,February,33.65000000000001,36.0,2995919,29.783783783783782,336.4864864864865,0.32,0.11,0.13,0.24,0.1,0.11,0.009941451615942815,0.1123149479296625
94,Vermont,VT,Vermont,February,21.5,67.0,626042,12.270270270270268,113.75675675675676,0.2,0.09,0.11,0.25,0.16,0.19,0.019599755719696552,0.18170786745419118
95,Virginia,VA,Virginia,February,40.325,212.0,8382993,104.05405405405405,1317.8918918918919,0.24,0.09,0.12,0.27,0.13,0.15,0.012412518303910554,0.15721018637280168
96,Washington,WA,Washington,February,39.857142857142854,107.0,7170351,92.89189189189187,1068.6756756756756,0.24,0.09,0.13,0.26,0.13,0.15,0.01295499925901701,0.14904091524608426
97,West Virginia,WV,West Virginia,February,35.375,76.0,1844128,45.02702702702703,455.24324324324317,0.22,0.08,0.1,0.26,0.15,0.19,0.024416432605018214,0.24686097887090436
98,Wisconsin,WI,Wisconsin,February,22.950000000000006,106.0,5771337,78.89189189189189,1016.1891891891893,0.23,0.09,0.11,0.26,0.14,0.17,0.013669604095531397,0.17607517793349953
99,Wyoming,WY,Wyoming,February,26.975,6.0,586107,8.783783783783784,91.43243243243244,0.25,0.09,0.12,0.24,0.14,0.16,0.0149866556512442,0.1559995571327973
100,Alabama,AL,Alabama,March,56.5,95.0,4858979,68.69230769230771,998.2820512820513,0.24,0.09,0.11,0.26,0.14,0.17,0.014137189663159216,0.20545099109958104
101,Alaska,AK,Alaska,March,19.92,1.0,738432,5.0769230769230775,80.2051282051282,0.27,0.09,0.14,0.26,0.13,0.11,0.00687527501100044,0.10861545572934028
102,Arizona,AZ,Arizona,March,54.44,60.0,6828065,79.8974358974359,1062.076923076923,0.25,0.09,0.12,0.25,0.12,0.17,0.011701329131669939,0.15554581321017347
103,Arkansas,AR,Arkansas,March,53.4,57.0,2978204,51.33333333333334,610.7179487179487,0.25,0.09,0.11,0.25,0.13,0.17,0.01723633885836341,0.20506249696728254
104,California,CA,California,March,54.49375000000001,251.0,39144818,490.7435897435897,5039.538461538462,0.24,0.1,0.14,0.27,0.12,0.14,0.012536616972994732,0.12874088369853864
105,Colorado,CO,Colorado,March,39.84,52.0,5456574,52.56410256410256,706.6923076923077,0.24,0.09,0.14,0.27,0.13,0.14,0.009633169560992402,0.12951209086366422
106,Connecticut,CT,Connecticut,March,38.75,741.0,3590886,52.5897435897436,596.2820512820513,0.22,0.09,0.11,0.27,0.15,0.17,0.014645339225401085,0.16605429726314097
107,Delaware,DE,Delaware,March,43.0,485.0,945934,12.128205128205128,165.15384615384616,0.22,0.08,0.12,0.25,0.14,0.18,0.012821407337303794,0.17459341365660414
108,Florida,FL,Florida,March,65.93846153846152,378.0,20271272,227.53846153846158,3723.641025641026,0.21,0.08,0.11,0.25,0.14,0.2,0.011224676060706085,0.18369054618975197
109,Georgia,GA,Georgia,March,56.66666666666666,177.0,10214860,100.05128205128206,1520.3076923076926,0.26,0.09,0.12,0.27,0.12,0.14,0.009794679716734448,0.14883294458344928
110,Hawaii,HI,Hawaii,March,72.275,222.0,1431603,23.794871794871803,215.53846153846158,0.23,0.07,0.13,0.25,0.13,0.18,0.0166211385383181,0.1505574251649805
111,Idaho,ID,Idaho,March,42.6,20.0,1654930,19.153846153846157,255.66666666666663,0.27,0.09,0.11,0.24,0.13,0.15,0.011573810465606495,0.1544879038186912
112,Illinois,IL,Illinois,March,39.38,231.0,12859995,169.0769230769231,2092.948717948718,0.24,0.09,0.12,0.26,0.13,0.15,0.01314751079428282,0.16274879717672655
113,Indiana,IN,Indiana,March,41.075,184.0,6619680,106.56410256410255,1227.7435897435898,0.25,0.09,0.12,0.26,0.13,0.15,0.01609807461449837,0.18546872201429523
114,Iowa,IA,Iowa,March,36.3,55.0,3123899,53.641025641025635,582.7692307692307,0.25,0.09,0.11,0.25,0.14,0.16,0.017171177954545147,0.1865518798044465
115,Kansas,KS,Kansas,March,43.76,36.0,2911641,44.948717948717956,520.6153846153846,0.26,0.09,0.12,0.24,0.13,0.15,0.015437589300575844,0.1788047992920091
116,Kentucky,KY,Kentucky,March,47.05,112.0,4425092,84.1794871794872,895.7692307692308,0.24,0.09,0.11,0.26,0.14,0.16,0.019023217410957152,0.20242951576356621
117,Louisiana,LA,Louisiana,March,60.725,108.0,4670724,48.948717948717956,849.025641025641,0.26,0.09,0.12,0.25,0.13,0.15,0.010479899464990429,0.1817760246646218
118,Maine,ME,Maine,March,29.0,43.0,1329328,23.66666666666667,279.3589743589744,0.2,0.07,0.11,0.26,0.16,0.2,0.017803481658903348,0.210150522940143
119,Maryland,MD,Maryland,March,43.6,618.0,6006401,74.53846153846153,913.3333333333335,0.24,0.09,0.12,0.27,0.14,0.15,0.012409837694563105,0.15205999954603988
120,Massachusetts,MA,Massachusetts,March,36.16666666666666,871.0,6794422,107.48717948717949,1124.8717948717951,0.22,0.09,0.13,0.27,0.14,0.16,0.015819915143212987,0.16555812913472184
121,Michigan,MI,Michigan,March,32.166666666666664,175.0,9922576,144.7948717948718,1872.4615384615383,0.23,0.09,0.11,0.25,0.14,0.17,0.014592467902979205,0.18870720047511236
122,Minnesota,MN,Minnesota,March,28.82,68.0,5489594,65.35897435897436,821.7179487179487,0.24,0.09,0.12,0.26,0.14,0.15,0.011905975990023007,0.14968647020489106
123,Mississippi,MS,Mississippi,March,55.73333333333333,63.0,2992333,48.12820512820514,601.8974358974359,0.26,0.1,0.11,0.25,0.13,0.16,0.01608383997643482,0.2011465421453548
124,Missouri,MO,Missouri,March,45.8,88.0,6083672,96.23076923076924,1172.051282051282,0.24,0.09,0.12,0.25,0.14,0.16,0.015817875985222288,0.19265523881814833
125,Montana,MT,Montana,March,35.683333333333344,7.0,1032949,15.615384615384615,189.23076923076923,0.23,0.09,0.11,0.24,0.15,0.18,0.015117285185797764,0.1831946874732143
126,Nebraska,NE,Nebraska,March,38.275,24.0,1896190,31.256410256410252,323.84615384615387,0.26,0.09,0.12,0.24,0.13,0.15,0.01648379659022052,0.17078781865011095
127,Nevada,NV,Nevada,March,44.16,26.0,2890845,35.43589743589744,441.8717948717949,0.24,0.09,0.13,0.27,0.13,0.16,0.012257972127837169,0.15285212277787116
128,New Hampshire,NH,New Hampshire,March,22.950000000000006,148.0,1330608,19.33333333333333,225.05128205128204,0.2,0.08,0.11,0.27,0.16,0.18,0.014529698704151281,0.16913417178559126
129,New Jersey,NJ,New Jersey,March,42.53333333333333,1218.0,8958013,97.33333333333331,1439.051282051282,0.23,0.08,0.12,0.27,0.14,0.16,0.010865504809306854,0.16064402697911714
130,New Mexico,NM,New Mexico,March,48.3,17.0,2085109,33.358974358974365,355.15384615384613,0.25,0.09,0.12,0.24,0.14,0.17,0.015998671704440564,0.1703286716204506
131,New York,NY,New York,March,37.322222222222216,420.0,19795791,170.33333333333334,1976.205128205128,0.22,0.09,0.13,0.26,0.13,0.16,0.008604522715628456,0.09982956115293033
132,North Carolina,NC,North Carolina,March,50.75,206.0,10042802,154.76923076923075,1713.7179487179485,0.24,0.09,0.12,0.27,0.13,0.16,0.015410961081302884,0.17064141548523495
133,North Dakota,ND,North Dakota,March,28.05,10.0,756927,12.769230769230768,122.8205128205128,0.24,0.1,0.14,0.24,0.13,0.15,0.01686983126408593,0.1622620316364891
134,Ohio,OH,Ohio,March,39.1625,284.0,11614373,181.20512820512818,2309.0,0.24,0.09,0.12,0.25,0.14,0.17,0.015601800304254754,0.1988053939717624
135,Oklahoma,OK,Oklahoma,March,51.40000000000001,57.0,3911338,69.12820512820512,771.3846153846154,0.26,0.09,0.12,0.25,0.13,0.15,0.01767379989359271,0.19721758011826523
136,Oregon,OR,Oregon,March,44.825,41.0,4028977,44.43589743589744,682.8717948717949,0.22,0.09,0.13,0.26,0.13,0.17,0.011029076968147854,0.16949011991674187
137,Pennsylvania,PA,Pennsylvania,March,39.55,286.0,12802503,193.17948717948718,2628.589743589744,0.22,0.08,0.12,0.25,0.14,0.18,0.015089196790618771,0.20531842434168882
138,Rhode Island,RI,Rhode Island,March,38.9,1021.0,1056298,19.256410256410252,195.1025641025641,0.21,0.09,0.12,0.26,0.14,0.17,0.018230092508373822,0.18470409307086078
139,South Carolina,SC,South Carolina,March,56.225,162.0,4896146,69.17948717948718,906.6153846153846,0.23,0.09,0.11,0.26,0.14,0.18,0.014129375876349924,0.18516918911637534
140,South Dakota,SD,South Dakota,March,32.825,11.0,858469,16.564102564102562,152.43589743589746,0.26,0.09,0.12,0.24,0.14,0.16,0.01929493384630378,0.17756715435956041
141,Tennessee,TN,Tennessee,March,50.46666666666667,160.0,6600299,110.94871794871794,1274.7948717948718,0.24,0.09,0.12,0.26,0.13,0.16,0.016809650282315687,0.19314198823339243
142,Texas,TX,Texas,March,58.2,105.0,27469114,299.76923076923083,3618.0769230769233,0.28,0.1,0.13,0.26,0.11,0.12,0.010912955939140623,0.1317143655626069
143,Utah,UT,Utah,March,42.55,36.0,2995919,27.66666666666667,329.6666666666667,0.32,0.11,0.13,0.24,0.1,0.11,0.009234784607550027,0.11003857803454188
144,Vermont,VT,Vermont,March,31.0,67.0,626042,11.82051282051282,113.48717948717949,0.2,0.09,0.11,0.25,0.16,0.19,0.018881341540204682,0.18127726172873304
145,Virginia,VA,Virginia,March,47.8,212.0,8382993,89.58974358974359,1265.820512820513,0.24,0.09,0.12,0.27,0.13,0.15,0.010687083192094231,0.15099863650375384
146,Washington,WA,Washington,March,44.62857142857143,107.0,7170351,87.56410256410255,1052.6666666666667,0.24,0.09,0.13,0.26,0.13,0.15,0.012211968781458893,0.14680824783426458
147,West Virginia,WV,West Virginia,March,43.4,76.0,1844128,43.4102564102564,445.92307692307685,0.22,0.08,0.1,0.26,0.15,0.19,0.02353971980809163,0.24180700955848883
148,Wisconsin,WI,Wisconsin,March,33.575,106.0,5771337,78.05128205128206,1004.3846153846154,0.23,0.09,0.11,0.26,0.14,0.17,0.013523951564651667,0.17402979853448436
149,Wyoming,WY,Wyoming,March,35.3,6.0,586107,8.076923076923077,92.12820512820512,0.25,0.09,0.12,0.24,0.14,0.16,0.013780628924280168,0.157186665793456
150,Alabama,AL,Alabama,April,63.7,95.0,4858979,61.846153846153854,973.3333333333335,0.24,0.09,0.11,0.26,0.14,0.17,0.012728220032676383,0.2003164313600313
151,Alaska,AK,Alaska,April,30.8,1.0,738432,4.94871794871795,77.69230769230771,0.27,0.09,0.14,0.26,0.13,0.11,0.006701656955167097,0.10521254183500675
152,Arizona,AZ,Arizona,April,61.4,60.0,6828065,67.74358974358975,1029.2307692307693,0.25,0.09,0.12,0.25,0.12,0.17,0.009921345175183564,0.15073535023916282
153,Arkansas,AR,Arkansas,April,62.16666666666666,57.0,2978204,45.33333333333334,586.1794871794872,0.25,0.09,0.11,0.25,0.13,0.17,0.015221701848944311,0.19682314817235058
154,California,CA,California,April,57.7625,251.0,39144818,418.05128205128204,4820.410256410257,0.24,0.1,0.14,0.27,0.12,0.14,0.010679607248430228,0.12314299829955161
155,Colorado,CO,Colorado,April,47.6,52.0,5456574,44.97435897435897,677.1282051282051,0.24,0.09,0.14,0.27,0.13,0.14,0.008242233858527157,0.12409402037399385
156,Connecticut,CT,Connecticut,April,49.45,741.0,3590886,48.10256410256411,588.3846153846154,0.22,0.09,0.11,0.27,0.15,0.17,0.013395736902414643,0.16385499717468485
157,Delaware,DE,Delaware,April,53.3,485.0,945934,10.948717948717947,161.5897435897436,0.22,0.08,0.12,0.25,0.14,0.18,0.011574505143823932,0.17082560050674106
158,Florida,FL,Florida,April,70.50769230769231,378.0,20271272,204.53846153846158,3601.8205128205127,0.21,0.08,0.11,0.25,0.14,0.2,0.010090065464982246,0.17768103120615777
159,Georgia,GA,Georgia,April,63.6,177.0,10214860,90.05128205128206,1469.7179487179485,0.26,0.09,0.12,0.27,0.12,0.14,0.00881571377887529,0.14388038100551045
160,Hawaii,HI,Hawaii,April,73.35,222.0,1431603,21.58974358974359,204.33333333333331,0.23,0.07,0.13,0.25,0.13,0.18,0.01508081750998258,0.14273044505588023
161,Idaho,ID,Idaho,April,49.23333333333333,20.0,1654930,16.28205128205128,245.23076923076923,0.27,0.09,0.11,0.24,0.13,0.15,0.009838513581874328,0.14818195889298597
162,Illinois,IL,Illinois,April,51.1,231.0,12859995,148.38461538461542,1995.7435897435894,0.24,0.09,0.12,0.26,0.13,0.15,0.011538466024645843,0.1551900750928433
163,Indiana,IN,Indiana,April,52.05,184.0,6619680,93.48717948717949,1178.3076923076926,0.25,0.09,0.12,0.26,0.13,0.15,0.014122613100207184,0.17800070279948466
164,Iowa,IA,Iowa,April,49.1,55.0,3123899,45.07692307692307,559.4615384615385,0.25,0.09,0.11,0.25,0.14,0.16,0.014429699256257348,0.17909078957467525
165,Kansas,KS,Kansas,April,53.48,36.0,2911641,34.53846153846154,484.7179487179488,0.26,0.09,0.12,0.24,0.13,0.15,0.01186219782537117,0.16647586317061366
166,Kentucky,KY,Kentucky,April,56.95,112.0,4425092,74.61538461538461,864.9487179487178,0.24,0.09,0.11,0.26,0.14,0.16,0.016861883236638835,0.19546457292836347
167,Louisiana,LA,Louisiana,April,67.5,108.0,4670724,44.769230769230774,824.0512820512822,0.26,0.09,0.12,0.25,0.13,0.15,0.00958507305703158,0.1764290251471254
168,Maine,ME,Maine,April,41.3,43.0,1329328,21.974358974358974,269.61538461538464,0.2,0.07,0.11,0.26,0.16,0.2,0.016530426632372877,0.20282081218133122
169,Maryland,MD,Maryland,April,53.7,618.0,6006401,66.43589743589743,888.1282051282051,0.24,0.09,0.12,0.27,0.14,0.15,0.011060849489718956,0.14786362168097086
170,Massachusetts,MA,Massachusetts,April,46.93333333333334,871.0,6794422,97.25641025641028,1086.820512820513,0.22,0.09,0.13,0.27,0.14,0.16,0.014314155090221107,0.15995775841131343
171,Michigan,MI,Michigan,April,44.6,175.0,9922576,133.64102564102564,1831.051282051282,0.23,0.09,0.11,0.25,0.14,0.17,0.013468380150580418,0.18453386318747086
172,Minnesota,MN,Minnesota,April,43.52,68.0,5489594,60.20512820512821,804.9487179487178,0.24,0.09,0.12,0.26,0.14,0.15,0.010967136769154187,0.1466317396056462
173,Mississippi,MS,Mississippi,April,63.23333333333334,63.0,2992333,41.282051282051285,589.2564102564102,0.26,0.1,0.11,0.25,0.13,0.16,0.013795941588737379,0.19692207059054262
174,Missouri,MO,Missouri,April,56.175,88.0,6083672,77.33333333333333,1116.820512820513,0.24,0.09,0.12,0.25,0.14,0.16,0.012711621095505037,0.18357671367235331
175,Montana,MT,Montana,April,44.73333333333333,7.0,1032949,12.82051282051282,184.79487179487182,0.23,0.09,0.11,0.24,0.15,0.18,0.012411564191952187,0.17890028626279889
176,Nebraska,NE,Nebraska,April,49.2125,24.0,1896190,23.71794871794872,307.8205128205128,0.26,0.09,0.12,0.24,0.13,0.15,0.012508213163210817,0.16233632326956307
177,Nevada,NV,Nevada,April,50.32000000000001,26.0,2890845,32.17948717948718,430.56410256410254,0.24,0.09,0.13,0.27,0.13,0.16,0.011131515933745041,0.1489405701668898
178,New Hampshire,NH,New Hampshire,April,34.5,148.0,1330608,16.58974358974359,221.94871794871798,0.2,0.08,0.11,0.27,0.16,0.18,0.01246779185886722,0.1668024827362514
179,New Jersey,NJ,New Jersey,April,52.03333333333334,1218.0,8958013,90.20512820512822,1392.9230769230771,0.23,0.08,0.12,0.27,0.14,0.16,0.01006976973633865,0.1554946478558445
180,New Mexico,NM,New Mexico,April,56.4,17.0,2085109,26.33333333333333,341.07692307692315,0.25,0.09,0.12,0.24,0.14,0.17,0.012629235849700582,0.163577502699822
181,New York,NY,New York,April,48.67777777777778,420.0,19795791,159.87179487179486,1911.9230769230771,0.22,0.09,0.13,0.26,0.13,0.16,0.008076049846747466,0.09658230261791899
182,North Carolina,NC,North Carolina,April,59.03333333333333,206.0,10042802,131.82051282051282,1622.7435897435898,0.24,0.09,0.12,0.27,0.13,0.16,0.013125869933561652,0.16158275247720605
183,North Dakota,ND,North Dakota,April,43.35,10.0,756927,10.974358974358973,121.74358974358972,0.24,0.1,0.14,0.24,0.13,0.15,0.014498569841423245,0.1608392747828915
184,Ohio,OH,Ohio,April,50.55,284.0,11614373,160.53846153846158,2220.641025641026,0.24,0.09,0.12,0.25,0.14,0.17,0.013822395882968592,0.19119766737653646
185,Oklahoma,OK,Oklahoma,April,60.4,57.0,3911338,61.10256410256411,724.0769230769231,0.26,0.09,0.12,0.25,0.13,0.15,0.015621908437103647,0.18512256498336965
186,Oregon,OR,Oregon,April,49.0,41.0,4028977,40.17948717948718,665.8717948717949,0.22,0.09,0.13,0.26,0.13,0.17,0.009972627587471257,0.1652706865469311
187,Pennsylvania,PA,Pennsylvania,April,50.6,286.0,12802503,167.7948717948718,2519.692307692308,0.22,0.08,0.12,0.25,0.14,0.18,0.013106411441174573,0.19681247547392164
188,Rhode Island,RI,Rhode Island,April,49.1,1021.0,1056298,18.820512820512818,194.89743589743588,0.21,0.09,0.12,0.26,0.14,0.17,0.017817427298463896,0.184509897677962
189,South Carolina,SC,South Carolina,April,63.525,162.0,4896146,61.43589743589744,861.4102564102565,0.23,0.09,0.11,0.26,0.14,0.18,0.012547807486928991,0.175936390869524
190,South Dakota,SD,South Dakota,April,45.575,11.0,858469,15.051282051282053,146.33333333333334,0.26,0.09,0.12,0.24,0.14,0.16,0.017532703046099572,0.17045849452144846
191,Tennessee,TN,Tennessee,April,59.11666666666667,160.0,6600299,101.25641025641028,1227.2820512820513,0.24,0.09,0.12,0.26,0.13,0.16,0.015341185339696015,0.1859434021522436
192,Texas,TX,Texas,April,65.91904761904762,105.0,27469114,256.3589743589744,3463.102564102564,0.28,0.1,0.13,0.26,0.11,0.12,0.009332626249211183,0.12607259790405195
193,Utah,UT,Utah,April,49.6,36.0,2995919,21.974358974358974,317.4871794871795,0.32,0.11,0.13,0.24,0.1,0.11,0.007334764048814062,0.10597321873094016
194,Vermont,VT,Vermont,April,44.8,67.0,626042,9.538461538461537,109.46153846153848,0.2,0.09,0.11,0.25,0.16,0.19,0.015236136774308332,0.17484695669226424
195,Virginia,VA,Virginia,April,57.125,212.0,8382993,79.94871794871794,1225.051282051282,0.24,0.09,0.12,0.27,0.13,0.15,0.009537013564095538,0.14613531015131254
196,Washington,WA,Washington,April,49.28571428571429,107.0,7170351,80.02564102564101,1019.0769230769232,0.24,0.09,0.13,0.26,0.13,0.15,0.01116063091271836,0.14212371515382205
197,West Virginia,WV,West Virginia,April,53.52500000000001,76.0,1844128,38.487179487179496,430.8461538461538,0.22,0.08,0.1,0.26,0.15,0.19,0.020870123704634112,0.23363137149165014
198,Wisconsin,WI,Wisconsin,April,46.175,106.0,5771337,70.07692307692308,976.1538461538463,0.23,0.09,0.11,0.26,0.14,0.17,0.01214223377995828,0.16913825100732227
199,Wyoming,WY,Wyoming,April,43.0,6.0,586107,7.2564102564102555,88.28205128205127,0.25,0.09,0.12,0.24,0.14,0.16,0.012380692017686627,0.1506244615437988
200,Alabama,AL,Alabama,May,71.775,95.0,4858979,56.225,935.9,0.24,0.09,0.11,0.26,0.14,0.17,0.011571360979333313,0.19261248093478073
201,Alaska,AK,Alaska,May,42.96,1.0,738432,4.6,76.175,0.27,0.09,0.14,0.26,0.13,0.11,0.0062294158433003986,0.1031577721442191
202,Arizona,AZ,Arizona,May,70.25999999999999,60.0,6828065,59.575,981.675,0.25,0.09,0.12,0.25,0.12,0.17,0.008725019460125234,0.1437705997233477
203,Arkansas,AR,Arkansas,May,70.63333333333334,57.0,2978204,42.05,572.425,0.25,0.09,0.11,0.25,0.13,0.17,0.014119247707678854,0.19220476501945466
204,California,CA,California,May,62.54375,251.0,39144818,375.225,4644.05,0.24,0.1,0.14,0.27,0.12,0.14,0.009585559958408799,0.11863766999759714
205,Colorado,CO,Colorado,May,57.24,52.0,5456574,37.4,662.875,0.24,0.09,0.14,0.27,0.13,0.14,0.006854117620323668,0.12148190421315645
206,Connecticut,CT,Connecticut,May,59.35,741.0,3590886,37.7,549.875,0.22,0.09,0.11,0.27,0.15,0.17,0.010498801688496935,0.15313073152419765
207,Delaware,DE,Delaware,May,62.8,485.0,945934,9.875,153.65,0.22,0.08,0.12,0.25,0.14,0.18,0.010439417549215907,0.16243205128476196
208,Florida,FL,Florida,May,76.63076923076923,378.0,20271272,187.2,3507.1,0.21,0.08,0.11,0.25,0.14,0.2,0.009234743631282733,0.1730083834896991
209,Georgia,GA,Georgia,May,71.86666666666666,177.0,10214860,78.0,1419.5,0.26,0.09,0.12,0.27,0.12,0.14,0.007635934315301434,0.1389642148791075
210,Hawaii,HI,Hawaii,May,74.95,222.0,1431603,19.725,201.075,0.23,0.07,0.13,0.25,0.13,0.18,0.013778261152009322,0.1404544416294182
211,Idaho,ID,Idaho,May,57.29999999999999,20.0,1654930,13.975,240.6,0.27,0.09,0.11,0.24,0.13,0.15,0.008444465929072527,0.1453837926679678
212,Illinois,IL,Illinois,May,61.42,231.0,12859995,129.675,1925.325,0.24,0.09,0.12,0.26,0.13,0.15,0.010083596455519619,0.14971428838036097
213,Indiana,IN,Indiana,May,62.05,184.0,6619680,77.75,1126.0,0.25,0.09,0.12,0.26,0.13,0.15,0.011745280738645978,0.17009885674231986
214,Iowa,IA,Iowa,May,60.175,55.0,3123899,38.3,532.625,0.25,0.09,0.11,0.25,0.14,0.16,0.012260319555785893,0.17050007058486846
215,Kansas,KS,Kansas,May,63.38000000000001,36.0,2911641,30.375,471.175,0.26,0.09,0.12,0.24,0.13,0.15,0.010432261394862898,0.16182455185924363
216,Kentucky,KY,Kentucky,May,65.575,112.0,4425092,64.725,834.225,0.24,0.09,0.11,0.26,0.14,0.16,0.014626814538545186,0.1885215041856757
217,Louisiana,LA,Louisiana,May,75.35,108.0,4670724,40.675,803.6,0.26,0.09,0.12,0.25,0.13,0.15,0.00870850000984858,0.17205041445394761
218,Maine,ME,Maine,May,52.7,43.0,1329328,17.9,254.15,0.2,0.07,0.11,0.26,0.16,0.2,0.013465450212438163,0.19118682522296981
219,Maryland,MD,Maryland,May,62.9,618.0,6006401,58.6,849.45,0.24,0.09,0.12,0.27,0.14,0.15,0.009756258365034236,0.14142412403034696
220,Massachusetts,MA,Massachusetts,May,57.1,871.0,6794422,82.85,1020.725,0.22,0.09,0.13,0.27,0.14,0.16,0.012193826053194811,0.15022985030956276
221,Michigan,MI,Michigan,May,55.422222222222224,175.0,9922576,110.925,1722.975,0.23,0.09,0.11,0.25,0.14,0.17,0.011179052697605944,0.17364190508593735
222,Minnesota,MN,Minnesota,May,55.38,68.0,5489594,50.5,761.4,0.24,0.09,0.12,0.26,0.14,0.15,0.009199223111945983,0.13869878173139943
223,Mississippi,MS,Mississippi,May,71.46666666666665,63.0,2992333,37.75,563.65,0.26,0.1,0.11,0.25,0.13,0.16,0.012615574536657518,0.18836473079700686
224,Missouri,MO,Missouri,May,65.525,88.0,6083672,67.8,1066.675,0.24,0.09,0.12,0.25,0.14,0.16,0.011144585046662606,0.17533407455234273
225,Montana,MT,Montana,May,53.61666666666667,7.0,1032949,10.575,177.85,0.23,0.09,0.11,0.24,0.15,0.18,0.010237678723731762,0.1721769419400183
226,Nebraska,NE,Nebraska,May,59.9125,24.0,1896190,20.6,294.475,0.26,0.09,0.12,0.24,0.13,0.15,0.010863890221971428,0.15529825597645808
227,Nevada,NV,Nevada,May,58.94,26.0,2890845,27.275,414.725,0.24,0.09,0.13,0.27,0.13,0.16,0.009434957598902742,0.14346151384802713
228,New Hampshire,NH,New Hampshire,May,45.65,148.0,1330608,13.65,210.875,0.2,0.08,0.11,0.27,0.16,0.18,0.010258468309224054,0.1584801834950639
229,New Jersey,NJ,New Jersey,May,61.46666666666667,1218.0,8958013,76.1,1317.975,0.23,0.08,0.12,0.27,0.14,0.16,0.008495187493029983,0.1471280517230774
230,New Mexico,NM,New Mexico,May,65.73333333333333,17.0,2085109,23.275,326.75,0.25,0.09,0.12,0.24,0.14,0.17,0.011162485989941053,0.1567064359704936
231,New York,NY,New York,May,58.85555555555556,420.0,19795791,138.75,1796.3,0.22,0.09,0.13,0.26,0.13,0.16,0.007009065715030028,0.09074151166780858
232,North Carolina,NC,North Carolina,May,66.83333333333333,206.0,10042802,113.1,1576.25,0.24,0.09,0.12,0.27,0.13,0.16,0.011261797255387491,0.15695320887537162
233,North Dakota,ND,North Dakota,May,55.37499999999999,10.0,756927,9.025,114.775,0.24,0.1,0.14,0.24,0.13,0.15,0.01192321056059567,0.15163285230940368
234,Ohio,OH,Ohio,May,60.2625,284.0,11614373,137.525,2095.475,0.24,0.09,0.12,0.25,0.14,0.17,0.011840931921163545,0.18042084579167553
235,Oklahoma,OK,Oklahoma,May,69.2,57.0,3911338,54.475,708.9,0.26,0.09,0.12,0.25,0.13,0.15,0.01392745909456048,0.18124232679456492
236,Oregon,OR,Oregon,May,55.225,41.0,4028977,37.075,642.65,0.22,0.09,0.13,0.26,0.13,0.17,0.009202087775631383,0.15950699147699277
237,Pennsylvania,PA,Pennsylvania,May,60.475,286.0,12802503,144.1,2383.9,0.22,0.08,0.12,0.25,0.14,0.18,0.011255611500344893,0.1862057755424857
238,Rhode Island,RI,Rhode Island,May,58.5,1021.0,1056298,15.0,182.025,0.21,0.09,0.12,0.26,0.14,0.17,0.014200538105723953,0.17232352991296015
239,South Carolina,SC,South Carolina,May,71.45,162.0,4896146,58.975,842.3,0.23,0.09,0.11,0.26,0.14,0.18,0.012045188194959873,0.1720332686157643
240,South Dakota,SD,South Dakota,May,56.875,11.0,858469,12.15,135.875,0.26,0.09,0.12,0.24,0.14,0.16,0.014153102791131656,0.15827595405308753
241,Tennessee,TN,Tennessee,May,67.51666666666667,160.0,6600299,90.525,1196.675,0.24,0.09,0.12,0.26,0.13,0.16,0.013715287746812682,0.1813061802200173
242,Texas,TX,Texas,May,73.91904761904762,105.0,27469114,235.0,3391.925,0.28,0.1,0.13,0.26,0.11,0.12,0.008555062969996047,0.12348141261490998
243,Utah,UT,Utah,May,58.6,36.0,2995919,21.4,314.625,0.32,0.11,0.13,0.24,0.1,0.11,0.007143050262707369,0.10501785929459374
244,Vermont,VT,Vermont,May,56.3,67.0,626042,8.975,105.025,0.2,0.09,0.11,0.25,0.16,0.19,0.014336098855987299,0.1677603100111494
245,Virginia,VA,Virginia,May,65.175,212.0,8382993,70.15,1174.0,0.24,0.09,0.12,0.27,0.13,0.15,0.008368132956809103,0.14004544677539393
246,Washington,WA,Washington,May,55.77142857142857,107.0,7170351,69.275,975.725,0.24,0.09,0.13,0.26,0.13,0.15,0.00966131225654086,0.13607771781325628
247,West Virginia,WV,West Virginia,May,61.4,76.0,1844128,31.5,408.4,0.22,0.08,0.1,0.26,0.15,0.19,0.017081243818216522,0.2214596817574485
248,Wisconsin,WI,Wisconsin,May,56.925,106.0,5771337,57.7,931.625,0.23,0.09,0.11,0.26,0.14,0.17,0.009997683379085296,0.16142273445477193
249,Wyoming,WY,Wyoming,May,52.45,6.0,586107,6.275,86.925,0.25,0.09,0.12,0.24,0.14,0.16,0.01070623623331576,0.14830909714437807
250,Alabama,AL,Alabama,June,78.55,95.0,4858979,51.05263157894736,924.4473684210526,0.24,0.09,0.11,0.26,0.14,0.17,0.010506864009691617,0.19025547721466848
251,Alaska,AK,Alaska,June,51.735,1.0,738432,3.9736842105263164,77.10526315789474,0.27,0.09,0.14,0.26,0.13,0.11,0.0053812459515924504,0.10441755389513827
252,Arizona,AZ,Arizona,June,78.88,60.0,6828065,53.526315789473685,980.6052631578948,0.25,0.09,0.12,0.25,0.12,0.17,0.007839163187443834,0.14361393208147472
253,Arkansas,AR,Arkansas,June,78.53333333333332,57.0,2978204,40.60526315789474,558.6052631578947,0.25,0.09,0.11,0.25,0.13,0.17,0.0136341443225161,0.187564472802365
254,California,CA,California,June,67.11875,251.0,39144818,348.84210526315786,4584.868421052632,0.24,0.1,0.14,0.27,0.12,0.14,0.008911578162482652,0.11712580758588868
255,Colorado,CO,Colorado,June,66.82000000000001,52.0,5456574,36.973684210526315,638.5,0.24,0.09,0.14,0.27,0.13,0.14,0.00677598878170191,0.11701481552344016
256,Connecticut,CT,Connecticut,June,68.75,741.0,3590886,37.23684210526316,544.8421052631579,0.22,0.09,0.11,0.27,0.15,0.17,0.010369820179549882,0.15172915688862246
257,Delaware,DE,Delaware,June,72.2,485.0,945934,9.210526315789474,150.60526315789474,0.22,0.08,0.12,0.25,0.14,0.18,0.009736965069222033,0.1592132888318791
258,Florida,FL,Florida,June,81.0692307692308,378.0,20271272,186.13157894736838,3481.921052631579,0.21,0.08,0.11,0.25,0.14,0.2,0.009182037464021419,0.17176628346911724
259,Georgia,GA,Georgia,June,78.78333333333333,177.0,10214860,75.78947368421052,1404.7368421052633,0.26,0.09,0.12,0.27,0.12,0.14,0.007419531318511514,0.13751895200768913
260,Hawaii,HI,Hawaii,June,76.975,222.0,1431603,19.5,203.5263157894737,0.23,0.07,0.13,0.25,0.13,0.18,0.013621094674990203,0.1421667290369423
261,Idaho,ID,Idaho,June,65.2,20.0,1654930,12.947368421052632,236.13157894736838,0.27,0.09,0.11,0.24,0.13,0.15,0.007823514239909018,0.14268372616809677
262,Illinois,IL,Illinois,June,70.9,231.0,12859995,122.68421052631581,1886.4736842105265,0.24,0.09,0.12,0.26,0.13,0.15,0.009539988975603474,0.1466931895549358
263,Indiana,IN,Indiana,June,71.57499999999997,184.0,6619680,72.94736842105263,1107.7368421052631,0.25,0.09,0.12,0.26,0.13,0.15,0.011019772620587797,0.16733993820022464
264,Iowa,IA,Iowa,June,69.575,55.0,3123899,35.21052631578947,518.8947368421053,0.25,0.09,0.11,0.25,0.14,0.16,0.011271339539399152,0.1661048378459436
265,Kansas,KS,Kansas,June,73.24,36.0,2911641,31.76315789473684,471.5,0.26,0.09,0.12,0.24,0.13,0.15,0.010909022745158774,0.161936172763057
266,Kentucky,KY,Kentucky,June,73.85,112.0,4425092,64.28947368421052,826.8947368421052,0.24,0.09,0.11,0.26,0.14,0.16,0.014528392558665565,0.1868649819805114
267,Louisiana,LA,Louisiana,June,80.9,108.0,4670724,39.28947368421053,788.4473684210526,0.26,0.09,0.12,0.25,0.13,0.15,0.008411859421411011,0.16880624254848983
268,Maine,ME,Maine,June,62.05,43.0,1329328,15.578947368421053,245.68421052631575,0.2,0.07,0.11,0.26,0.16,0.2,0.011719415650931188,0.18481835222482018
269,Maryland,MD,Maryland,June,72.4,618.0,6006401,57.28947368421053,848.236842105263,0.24,0.09,0.12,0.27,0.14,0.15,0.009538070082934943,0.1412221465242269
270,Massachusetts,MA,Massachusetts,June,66.26666666666667,871.0,6794422,77.52631578947368,1002.2894736842104,0.22,0.09,0.13,0.27,0.14,0.16,0.011410288585176735,0.14751651776769392
271,Michigan,MI,Michigan,June,64.77777777777777,175.0,9922576,104.73684210526315,1692.8157894736844,0.23,0.09,0.11,0.25,0.14,0.17,0.010555408404557763,0.170602451366831
272,Minnesota,MN,Minnesota,June,64.58,68.0,5489594,44.60526315789475,737.3421052631578,0.24,0.09,0.12,0.26,0.14,0.15,0.008125421143693823,0.1343163274484703
273,Mississippi,MS,Mississippi,June,78.33333333333333,63.0,2992333,33.89473684210526,558.8947368421053,0.26,0.1,0.11,0.25,0.13,0.16,0.011327194146542267,0.18677558174244155
274,Missouri,MO,Missouri,June,74.5,88.0,6083672,64.21052631578948,1064.3157894736842,0.24,0.09,0.12,0.25,0.14,0.16,0.010554567425033677,0.1749462807123205
275,Montana,MT,Montana,June,61.61666666666665,7.0,1032949,10.18421052631579,173.26315789473685,0.23,0.09,0.11,0.24,0.15,0.18,0.00985935464995444,0.16773641089224817
276,Nebraska,NE,Nebraska,June,69.6875,24.0,1896190,20.13157894736842,292.2368421052632,0.26,0.09,0.12,0.24,0.13,0.15,0.010616857460153476,0.15411791123529983
277,Nevada,NV,Nevada,June,67.84,26.0,2890845,28.13157894736842,419.10526315789474,0.24,0.09,0.13,0.27,0.13,0.16,0.009731265061727081,0.14497673280922868
278,New Hampshire,NH,New Hampshire,June,54.95,148.0,1330608,13.421052631578947,210.44736842105263,0.2,0.08,0.11,0.27,0.16,0.18,0.010086406087727524,0.15815880290893533
279,New Jersey,NJ,New Jersey,June,71.10000000000002,1218.0,8958013,74.94736842105263,1306.7105263157896,0.23,0.08,0.12,0.27,0.14,0.16,0.008366517041340824,0.1458705771375627
280,New Mexico,NM,New Mexico,June,74.5,17.0,2085109,19.36842105263158,314.07894736842104,0.25,0.09,0.12,0.24,0.14,0.17,0.009288924968733807,0.15062951019271464
281,New York,NY,New York,June,68.13333333333334,420.0,19795791,125.39473684210527,1775.3684210526314,0.22,0.09,0.13,0.26,0.13,0.16,0.006334414060145678,0.08968413644358195
282,North Carolina,NC,North Carolina,June,74.6,206.0,10042802,111.07894736842104,1562.552631578947,0.24,0.09,0.12,0.27,0.13,0.16,0.011060553356366186,0.15558930979411395
283,North Dakota,ND,North Dakota,June,64.525,10.0,756927,7.921052631578947,110.73684210526315,0.24,0.1,0.14,0.24,0.13,0.15,0.010464751067908725,0.14629791526166083
284,Ohio,OH,Ohio,June,69.325,284.0,11614373,126.13157894736842,2062.0,0.24,0.09,0.12,0.25,0.14,0.17,0.010859955931100923,0.17753864113026163
285,Oklahoma,OK,Oklahoma,June,77.45,57.0,3911338,49.631578947368425,693.2105263157895,0.26,0.09,0.12,0.25,0.13,0.15,0.012689156229241357,0.1772310463365195
286,Oregon,OR,Oregon,June,61.1375,41.0,4028977,33.5,632.8421052631579,0.22,0.09,0.13,0.26,0.13,0.17,0.008314765758156475,0.15707265275109733
287,Pennsylvania,PA,Pennsylvania,June,69.6125,286.0,12802503,136.8421052631579,2340.394736842105,0.22,0.08,0.12,0.25,0.14,0.18,0.010688699331932037,0.1828075913625722
288,Rhode Island,RI,Rhode Island,June,68.0,1021.0,1056298,12.605263157894735,176.86842105263162,0.21,0.09,0.12,0.26,0.14,0.17,0.011933434653757496,0.16744178352380826
289,South Carolina,SC,South Carolina,June,78.525,162.0,4896146,53.05263157894736,841.421052631579,0.23,0.09,0.11,0.26,0.14,0.18,0.01083559019256112,0.1718537504052328
290,South Dakota,SD,South Dakota,June,66.425,11.0,858469,10.157894736842103,135.28947368421052,0.26,0.09,0.12,0.24,0.14,0.16,0.011832570234734281,0.15759389527660347
291,Tennessee,TN,Tennessee,June,75.43333333333334,160.0,6600299,86.2105263157895,1186.6052631578948,0.24,0.09,0.12,0.26,0.13,0.16,0.01306160922645921,0.17978053163317217
292,Texas,TX,Texas,June,80.18571428571428,105.0,27469114,225.60526315789474,3367.263157894737,0.28,0.1,0.13,0.26,0.11,0.12,0.008213052053950292,0.12258361000994561
293,Utah,UT,Utah,June,68.30000000000001,36.0,2995919,19.263157894736842,311.84210526315786,0.32,0.11,0.13,0.24,0.1,0.11,0.0064297993018959596,0.10408896410856164
294,Vermont,VT,Vermont,June,65.8,67.0,626042,7.263157894736842,100.5,0.2,0.09,0.11,0.25,0.16,0.19,0.011601710260233086,0.16053236044866
295,Virginia,VA,Virginia,June,73.775,212.0,8382993,67.73684210526315,1156.9736842105262,0.24,0.09,0.12,0.27,0.13,0.15,0.008080269434229893,0.1380143922594861
296,Washington,WA,Washington,June,61.4,107.0,7170351,63.68421052631579,958.0263157894735,0.24,0.09,0.13,0.26,0.13,0.15,0.008881602940541654,0.13360940291339624
297,West Virginia,WV,West Virginia,June,69.42500000000001,76.0,1844128,32.44736842105263,407.8684210526316,0.22,0.08,0.1,0.26,0.15,0.19,0.017594965436809502,0.22117142684923802
298,Wisconsin,WI,Wisconsin,June,66.775,106.0,5771337,51.157894736842096,897.0,0.23,0.09,0.11,0.26,0.14,0.17,0.00886413230363122,0.15542325807694127
299,Wyoming,WY,Wyoming,June,62.025,6.0,586107,6.13157894736842,86.44736842105263,0.25,0.09,0.12,0.24,0.14,0.16,0.01046153509063775,0.14749417499032194
300,Alabama,AL,Alabama,July,81.39999999999998,95.0,4858979,50.25,915.25,0.24,0.09,0.11,0.26,0.14,0.17,0.010341678776549559,0.188362616920139
301,Alaska,AK,Alaska,July,55.465,1.0,738432,3.4,77.525,0.27,0.09,0.14,0.26,0.13,0.11,0.004604350840700294,0.10498597027214424
302,Arizona,AZ,Arizona,July,83.67999999999998,60.0,6828065,47.125,959.1,0.25,0.09,0.12,0.25,0.12,0.17,0.0069016624768510546,0.14046439218138668
303,Arkansas,AR,Arkansas,July,82.5,57.0,2978204,37.65,559.8,0.25,0.09,0.11,0.25,0.13,0.17,0.01264184723410485,0.18796563297880198
304,California,CA,California,July,71.15,251.0,39144818,328.225,4510.75,0.24,0.1,0.14,0.27,0.12,0.14,0.008384890178822648,0.11523236613336663
305,Colorado,CO,Colorado,July,72.74,52.0,5456574,31.725,623.1,0.24,0.09,0.14,0.27,0.13,0.14,0.005814087740769208,0.11419253179742454
306,Connecticut,CT,Connecticut,July,74.19999999999997,741.0,3590886,35.825,526.175,0.22,0.09,0.11,0.27,0.15,0.17,0.00997664643210617,0.14653068908341838
307,Delaware,DE,Delaware,July,76.8,485.0,945934,9.325,148.875,0.22,0.08,0.12,0.25,0.14,0.18,0.009857981635082362,0.15738413039387528
308,Florida,FL,Florida,July,82.61538461538461,378.0,20271272,179.375,3454.225,0.21,0.08,0.11,0.25,0.14,0.2,0.008848729374259297,0.17040001239192093
309,Georgia,GA,Georgia,July,81.63333333333333,177.0,10214860,69.225,1390.925,0.26,0.09,0.12,0.27,0.12,0.14,0.006776891704830022,0.13616681971167496
310,Hawaii,HI,Hawaii,July,78.05,222.0,1431603,18.175,196.3,0.23,0.07,0.13,0.25,0.13,0.18,0.01269555875476651,0.13711901972823473
311,Idaho,ID,Idaho,July,73.36666666666666,20.0,1654930,11.575,232.7,0.27,0.09,0.11,0.24,0.13,0.15,0.006994253533382076,0.14061017686548674
312,Illinois,IL,Illinois,July,74.9,231.0,12859995,118.825,1891.825,0.24,0.09,0.12,0.26,0.13,0.15,0.009239894727797328,0.14710931069568844
313,Indiana,IN,Indiana,July,74.95,184.0,6619680,70.4,1105.025,0.25,0.09,0.12,0.26,0.13,0.15,0.010634955163995844,0.16693027457520607
314,Iowa,IA,Iowa,July,73.5,55.0,3123899,31.95,507.475,0.25,0.09,0.11,0.25,0.14,0.16,0.01022760338922609,0.16244923411416312
315,Kansas,KS,Kansas,July,78.72,36.0,2911641,28.825,468.35,0.26,0.09,0.12,0.24,0.13,0.15,0.00989991554590693,0.16085430861840455
316,Kentucky,KY,Kentucky,July,77.07500000000002,112.0,4425092,60.75,813.675,0.24,0.09,0.11,0.26,0.14,0.16,0.013728528130036619,0.183877532941688
317,Louisiana,LA,Louisiana,July,83.05,108.0,4670724,35.125,789.15,0.26,0.09,0.12,0.25,0.13,0.15,0.0075202473963351295,0.1689566756674126
318,Maine,ME,Maine,July,67.35,43.0,1329328,14.95,244.775,0.2,0.07,0.11,0.26,0.16,0.2,0.011246283836645282,0.18413438970667886
319,Maryland,MD,Maryland,July,77.0,618.0,6006401,54.9,844.775,0.24,0.09,0.12,0.27,0.14,0.15,0.009140248877822178,0.14064578771880198
320,Massachusetts,MA,Massachusetts,July,71.83333333333333,871.0,6794422,72.225,992.425,0.22,0.09,0.13,0.27,0.14,0.16,0.010630043291394027,0.14606466892989572
321,Michigan,MI,Michigan,July,69.54444444444444,175.0,9922576,96.975,1682.75,0.23,0.09,0.11,0.25,0.14,0.17,0.00977316777417477,0.16958801827267436
322,Minnesota,MN,Minnesota,July,69.30000000000001,68.0,5489594,44.3,743.975,0.24,0.09,0.12,0.26,0.14,0.15,0.008069813541766477,0.13552459435069333
323,Mississippi,MS,Mississippi,July,81.3,63.0,2992333,33.925,556.825,0.26,0.1,0.11,0.25,0.13,0.16,0.011337307712744537,0.1860839017582602
324,Missouri,MO,Missouri,July,79.125,88.0,6083672,60.95,1053.725,0.24,0.09,0.12,0.25,0.14,0.16,0.010018620333246107,0.173205425933548
325,Montana,MT,Montana,July,69.09999999999998,7.0,1032949,7.975,176.375,0.23,0.09,0.11,0.24,0.15,0.18,0.0077206135056038586,0.17074899147973424
326,Nebraska,NE,Nebraska,July,75.22500000000002,24.0,1896190,17.9,285.9,0.26,0.09,0.12,0.24,0.13,0.15,0.009439982280256724,0.15077602982823451
327,Nevada,NV,Nevada,July,75.34,26.0,2890845,24.75,412.1,0.24,0.09,0.13,0.27,0.13,0.16,0.008561510561790756,0.14255347484904934
328,New Hampshire,NH,New Hampshire,July,59.55,148.0,1330608,11.375,204.725,0.2,0.08,0.11,0.27,0.16,0.18,0.008548723591020045,0.15385823623486408
329,New Jersey,NJ,New Jersey,July,76.4,1218.0,8958013,72.5,1286.15,0.23,0.08,0.12,0.27,0.14,0.16,0.008093312657617265,0.14357536654613026
330,New Mexico,NM,New Mexico,July,77.76666666666667,17.0,2085109,17.15,310.8,0.25,0.09,0.12,0.24,0.14,0.17,0.008224989676798671,0.14905695577545347
331,New York,NY,New York,July,73.03333333333333,420.0,19795791,126.075,1761.125,0.22,0.09,0.13,0.26,0.13,0.16,0.006368778090251609,0.08896461879194421
332,North Carolina,NC,North Carolina,July,78.10000000000002,206.0,10042802,104.5,1544.975,0.24,0.09,0.12,0.27,0.13,0.16,0.010405462539239546,0.153839038148915
333,North Dakota,ND,North Dakota,July,70.19999999999999,10.0,756927,7.9,108.225,0.24,0.1,0.14,0.24,0.13,0.15,0.010436937776033885,0.14297944187484393
334,Ohio,OH,Ohio,July,73.25,284.0,11614373,124.2,2066.35,0.24,0.09,0.12,0.25,0.14,0.17,0.010693646570503633,0.17791317706087104
335,Oklahoma,OK,Oklahoma,July,82.4,57.0,3911338,49.725,702.475,0.26,0.09,0.12,0.25,0.13,0.15,0.012713040908251856,0.17959966640571592
336,Oregon,OR,Oregon,July,67.62499999999999,41.0,4028977,29.3,623.1,0.22,0.09,0.13,0.26,0.13,0.17,0.00727231751385029,0.15465464310171045
337,Pennsylvania,PA,Pennsylvania,July,73.9625,286.0,12802503,123.8,2304.275,0.22,0.08,0.12,0.25,0.14,0.18,0.009669984064834821,0.17998628861871777
338,Rhode Island,RI,Rhode Island,July,73.5,1021.0,1056298,13.125,175.0,0.21,0.09,0.12,0.26,0.14,0.17,0.01242547084250846,0.16567294456677945
339,South Carolina,SC,South Carolina,July,81.6,162.0,4896146,50.325,824.275,0.23,0.09,0.11,0.26,0.14,0.18,0.01027849251227394,0.16835180160068755
340,South Dakota,SD,South Dakota,July,72.65,11.0,858469,9.2,136.075,0.26,0.09,0.12,0.24,0.14,0.16,0.010716752730733432,0.15850892693853824
341,Tennessee,TN,Tennessee,July,78.83333333333333,160.0,6600299,83.5,1186.875,0.24,0.09,0.12,0.26,0.13,0.16,0.01265094202550521,0.1798213990002574
342,Texas,TX,Texas,July,82.95238095238093,105.0,27469114,209.925,3333.6,0.28,0.1,0.13,0.26,0.11,0.12,0.007642219548835831,0.1213581187948035
343,Utah,UT,Utah,July,76.55000000000003,36.0,2995919,17.15,308.6,0.32,0.11,0.13,0.24,0.1,0.11,0.005724453832029504,0.10300679023698572
344,Vermont,VT,Vermont,July,70.6,67.0,626042,6.85,100.175,0.2,0.09,0.11,0.25,0.16,0.19,0.010941757901227074,0.16001322594969666
345,Virginia,VA,Virginia,July,77.725,212.0,8382993,65.55,1158.425,0.24,0.09,0.12,0.27,0.13,0.15,0.007819402926854405,0.1381875184674495
346,Washington,WA,Washington,July,67.14285714285714,107.0,7170351,58.425,960.95,0.24,0.09,0.13,0.26,0.13,0.15,0.008148136681175021,0.13401714923021205
347,West Virginia,WV,West Virginia,July,72.925,76.0,1844128,28.45,398.75,0.22,0.08,0.1,0.26,0.15,0.19,0.015427345607246349,0.2162268562702806
348,Wisconsin,WI,Wisconsin,July,71.47500000000002,106.0,5771337,50.325,896.3,0.23,0.09,0.11,0.26,0.14,0.17,0.008719816569366856,0.15530196902381546
349,Wyoming,WY,Wyoming,July,70.075,6.0,586107,5.025,86.1,0.25,0.09,0.12,0.24,0.14,0.16,0.008573519852177164,0.1469015043328266
350,Alabama,AL,Alabama,August,81.1,95.0,4858979,51.4,915.1,0.24,0.09,0.11,0.26,0.14,0.17,0.010578354012231787,0.18833174623722393
351,Alaska,AK,Alaska,August,53.25500000000002,1.0,738432,4.2,76.95,0.27,0.09,0.14,0.26,0.13,0.11,0.005687727509100364,0.10420729329173167
352,Arizona,AZ,Arizona,August,82.08,60.0,6828065,48.375,947.1,0.25,0.09,0.12,0.25,0.12,0.17,0.007084730447059306,0.13870693966738745
353,Arkansas,AR,Arkansas,August,82.2,57.0,2978204,36.425,550.75,0.25,0.09,0.11,0.25,0.13,0.17,0.01223052551134845,0.18492688882292818
354,California,CA,California,August,71.075,251.0,39144818,319.925,4489.75,0.24,0.1,0.14,0.27,0.12,0.14,0.008172857004980839,0.11469589665738132
355,Colorado,CO,Colorado,August,70.55999999999997,52.0,5456574,30.375,629.075,0.24,0.09,0.14,0.27,0.13,0.14,0.005566679751800306,0.11528754123008321
356,Connecticut,CT,Connecticut,August,72.94999999999997,741.0,3590886,34.02777777777778,520.3611111111112,0.22,0.09,0.11,0.27,0.15,0.17,0.00947615094931384,0.14491162100693566
357,Delaware,DE,Delaware,August,75.2,485.0,945934,8.975,152.5,0.22,0.08,0.12,0.25,0.14,0.18,0.009487976962451926,0.16121632164611907
358,Florida,FL,Florida,August,82.53846153846153,378.0,20271272,172.6,3412.725,0.21,0.08,0.11,0.25,0.14,0.2,0.008514512557475425,0.16835278023007139
359,Georgia,GA,Georgia,August,80.68333333333334,177.0,10214860,69.85,1398.225,0.26,0.09,0.12,0.27,0.12,0.14,0.006838077075946219,0.1368814648463121
360,Hawaii,HI,Hawaii,August,78.575,222.0,1431603,19.0,196.75,0.23,0.07,0.13,0.25,0.13,0.18,0.013271835837169942,0.13743335268227294
361,Idaho,ID,Idaho,August,72.53333333333333,20.0,1654930,10.525,233.725,0.27,0.09,0.11,0.24,0.13,0.15,0.006359785610267504,0.14122953840947955
362,Illinois,IL,Illinois,August,73.16,231.0,12859995,120.65,1893.325,0.24,0.09,0.12,0.26,0.13,0.15,0.009381807691216054,0.14722595148753947
363,Indiana,IN,Indiana,August,73.39999999999998,184.0,6619680,68.775,1102.55,0.25,0.09,0.12,0.26,0.13,0.15,0.010389475019940543,0.16655638943272183
364,Iowa,IA,Iowa,August,71.325,55.0,3123899,31.925,519.3,0.25,0.09,0.11,0.25,0.14,0.16,0.010219600569672707,0.1662345677629142
365,Kansas,KS,Kansas,August,77.11999999999998,36.0,2911641,28.325,464.0,0.26,0.09,0.12,0.24,0.13,0.15,0.00972819107850178,0.1593603057519797
366,Kentucky,KY,Kentucky,August,76.2,112.0,4425092,59.55,815.75,0.24,0.09,0.11,0.26,0.14,0.16,0.013457347327467993,0.18434644974612957
367,Louisiana,LA,Louisiana,August,83.1,108.0,4670724,36.7,784.45,0.26,0.09,0.12,0.25,0.13,0.15,0.007857454219088948,0.1679504076884012
368,Maine,ME,Maine,August,65.8,43.0,1329328,14.725,243.475,0.2,0.07,0.11,0.26,0.16,0.2,0.011077025384254301,0.18315645198175318
369,Maryland,MD,Maryland,August,75.1,618.0,6006401,53.15,837.8,0.24,0.09,0.12,0.27,0.14,0.15,0.008848893039275932,0.13948452659088195
370,Massachusetts,MA,Massachusetts,August,70.46666666666665,871.0,6794422,71.525,983.85,0.22,0.09,0.13,0.27,0.14,0.16,0.010527017603557742,0.14480260425390123
371,Michigan,MI,Michigan,August,68.12222222222222,175.0,9922576,96.2,1669.7,0.23,0.09,0.11,0.25,0.14,0.17,0.009695063056206373,0.16827283560236778
372,Minnesota,MN,Minnesota,August,67.14,68.0,5489594,44.275,746.825,0.24,0.09,0.12,0.26,0.14,0.15,0.008065259470918979,0.13604375842730812
373,Mississippi,MS,Mississippi,August,80.93333333333334,63.0,2992333,33.125,562.9,0.26,0.1,0.11,0.25,0.13,0.16,0.011069957788788881,0.18811409024329845
374,Missouri,MO,Missouri,August,78.0,88.0,6083672,61.575,1052.975,0.24,0.09,0.12,0.25,0.14,0.16,0.010121354339944691,0.17308214512550973
375,Montana,MT,Montana,August,67.95,7.0,1032949,8.775,169.125,0.23,0.09,0.11,0.24,0.15,0.18,0.008495095111181676,0.16373025192918528
376,Nebraska,NE,Nebraska,August,73.125,24.0,1896190,19.175,290.9,0.26,0.09,0.12,0.24,0.13,0.15,0.010112383252733111,0.15341289638696542
377,Nevada,NV,Nevada,August,73.34,26.0,2890845,24.6,403.075,0.24,0.09,0.13,0.27,0.13,0.16,0.008509622618992026,0.13943155029065896
378,New Hampshire,NH,New Hampshire,August,58.3,148.0,1330608,12.725,203.625,0.2,0.08,0.11,0.27,0.16,0.18,0.009563297379844403,0.15303154648100717
379,New Jersey,NJ,New Jersey,August,75.06666666666666,1218.0,8958013,70.075,1281.0,0.23,0.08,0.12,0.27,0.14,0.16,0.007822605303207308,0.1430004622676926
380,New Mexico,NM,New Mexico,August,76.06666666666666,17.0,2085109,17.85,306.725,0.25,0.09,0.12,0.24,0.14,0.17,0.0085607035411578,0.14710262149364853
381,New York,NY,New York,August,71.71111111111111,420.0,19795791,120.5,1739.625,0.22,0.09,0.13,0.26,0.13,0.16,0.0060871525669269795,0.08787852932979541
382,North Carolina,NC,North Carolina,August,76.91666666666666,206.0,10042802,101.15,1542.475,0.24,0.09,0.12,0.27,0.13,0.16,0.010071890295158663,0.1535901036384069
383,North Dakota,ND,North Dakota,August,68.7,10.0,756927,7.7,110.425,0.24,0.1,0.14,0.24,0.13,0.15,0.0101727115032229,0.14588593087576476
384,Ohio,OH,Ohio,August,71.77499999999998,284.0,11614373,119.775,2039.65,0.24,0.09,0.12,0.25,0.14,0.17,0.010312653123849217,0.17561430134885458
385,Oklahoma,OK,Oklahoma,August,82.05000000000003,57.0,3911338,47.15,697.2,0.26,0.09,0.12,0.25,0.13,0.15,0.012054698417779288,0.17825102305144686
386,Oregon,OR,Oregon,August,67.4625,41.0,4028977,27.2,617.025,0.22,0.09,0.13,0.26,0.13,0.17,0.006751093391697198,0.1531468161769104
387,Pennsylvania,PA,Pennsylvania,August,72.38749999999997,286.0,12802503,126.125,2296.725,0.22,0.08,0.12,0.25,0.14,0.18,0.009851589177522551,0.17939656018826944
388,Rhode Island,RI,Rhode Island,August,72.3,1021.0,1056298,13.475,170.925,0.21,0.09,0.12,0.26,0.14,0.17,0.012756816731642018,0.16181513171472447
389,South Carolina,SC,South Carolina,August,80.4,162.0,4896146,46.525,817.775,0.23,0.09,0.11,0.26,0.14,0.18,0.009502371865544859,0.16702422681022994
390,South Dakota,SD,South Dakota,August,70.675,11.0,858469,9.8,135.175,0.26,0.09,0.12,0.24,0.14,0.16,0.011415671387085614,0.15746054895401
391,Tennessee,TN,Tennessee,August,78.16666666666667,160.0,6600299,79.925,1170.6,0.24,0.09,0.12,0.26,0.13,0.16,0.01210929989686831,0.17735560161744188
392,Texas,TX,Texas,August,82.87142857142857,105.0,27469114,203.075,3311.075,0.28,0.1,0.13,0.26,0.11,0.12,0.007392848564391265,0.12053810690799856
393,Utah,UT,Utah,August,74.95,36.0,2995919,16.1,303.925,0.32,0.11,0.13,0.24,0.1,0.11,0.005373977066803208,0.10144633416324006
394,Vermont,VT,Vermont,August,68.8,67.0,626042,6.175,98.75,0.2,0.09,0.11,0.25,0.16,0.19,0.009863555480303238,0.15773702083885746
395,Virginia,VA,Virginia,August,76.225,212.0,8382993,63.15,1155.075,0.24,0.09,0.12,0.27,0.13,0.15,0.007533108998182391,0.13778789985867815
396,Washington,WA,Washington,August,67.02857142857142,107.0,7170351,56.225,942.8,0.24,0.09,0.13,0.26,0.13,0.15,0.007841317670501764,0.13148589239215766
397,West Virginia,WV,West Virginia,August,71.975,76.0,1844128,30.125,400.525,0.22,0.08,0.1,0.26,0.15,0.19,0.01633563396900866,0.21718937080289435
398,Wisconsin,WI,Wisconsin,August,69.64999999999999,106.0,5771337,50.325,901.4,0.23,0.09,0.11,0.26,0.14,0.17,0.008719816569366856,0.15618564641087498
399,Wyoming,WY,Wyoming,August,68.65,6.0,586107,4.425,82.725,0.25,0.09,0.12,0.24,0.14,0.16,0.0075498159892306346,0.14114317010375238
400,Alabama,AL,Alabama,September,75.8,95.0,4858979,51.71794871794872,923.4358974358977,0.24,0.09,0.11,0.26,0.14,0.17,0.010643789305932115,0.1900473118809317
401,Alaska,AK,Alaska,September,45.705,1.0,738432,4.333333333333333,77.74358974358974,0.27,0.09,0.14,0.26,0.13,0.11,0.005868290287167042,0.10528198905734007
402,Arizona,AZ,Arizona,September,76.42,60.0,6828065,52.846153846153854,948.2564102564104,0.25,0.09,0.12,0.25,0.12,0.17,0.007739550494342666,0.13887630101008272
403,Arkansas,AR,Arkansas,September,74.46666666666667,57.0,2978204,38.05128205128205,556.5384615384615,0.25,0.09,0.11,0.25,0.13,0.17,0.012776586846059588,0.18687049696342548
404,California,CA,California,September,68.45,251.0,39144818,330.46153846153845,4520.717948717948,0.24,0.1,0.14,0.27,0.12,0.14,0.00844202516055991,0.11548700900124119
405,Colorado,CO,Colorado,September,62.02,52.0,5456574,34.743589743589745,633.0512820512821,0.24,0.09,0.14,0.27,0.13,0.14,0.0063672901244608325,0.116016255264069
406,Connecticut,CT,Connecticut,September,65.30000000000001,741.0,3590886,36.31428571428572,532.0285714285715,0.22,0.09,0.11,0.27,0.15,0.17,0.010112904089488142,0.14816080806479834
407,Delaware,DE,Delaware,September,67.8,485.0,945934,8.666666666666666,149.3589743589744,0.22,0.08,0.12,0.25,0.14,0.18,0.009162020465134636,0.15789576689174337
408,Florida,FL,Florida,September,80.43846153846154,378.0,20271272,177.3589743589744,3444.564102564103,0.21,0.08,0.11,0.25,0.14,0.2,0.008749277024104576,0.1699234316704005
409,Georgia,GA,Georgia,September,75.14999999999998,177.0,10214860,75.7948717948718,1408.1538461538462,0.26,0.09,0.12,0.27,0.12,0.14,0.007420059775158132,0.13785346506499807
410,Hawaii,HI,Hawaii,September,78.225,222.0,1431603,20.46153846153846,201.53846153846158,0.23,0.07,0.13,0.25,0.13,0.18,0.014292746286183012,0.14077817770601317
411,Idaho,ID,Idaho,September,62.83333333333334,20.0,1654930,12.307692307692307,239.84615384615384,0.27,0.09,0.11,0.24,0.13,0.15,0.007436986644566421,0.14492827723598814
412,Illinois,IL,Illinois,September,65.36,231.0,12859995,125.10256410256409,1939.102564102564,0.24,0.09,0.12,0.26,0.13,0.15,0.009728041426343018,0.15078563903816167
413,Indiana,IN,Indiana,September,66.1,184.0,6619680,74.12820512820512,1115.8974358974358,0.25,0.09,0.12,0.26,0.13,0.15,0.01119815536826631,0.16857271588618117
414,Iowa,IA,Iowa,September,63.0,55.0,3123899,36.256410256410255,528.1794871794872,0.25,0.09,0.11,0.25,0.14,0.16,0.011606140357422008,0.1690770051078755
415,Kansas,KS,Kansas,September,68.1,36.0,2911641,31.256410256410252,471.41025641025635,0.26,0.09,0.12,0.24,0.13,0.15,0.010734980808557872,0.16190535042275347
416,Kentucky,KY,Kentucky,September,68.925,112.0,4425092,64.17948717948718,821.4871794871794,0.24,0.09,0.11,0.26,0.14,0.16,0.014503537368146737,0.18564296052764087
417,Louisiana,LA,Louisiana,September,78.3,108.0,4670724,38.74358974358975,785.6410256410257,0.26,0.09,0.12,0.25,0.13,0.15,0.008294985904452875,0.16820540576600668
418,Maine,ME,Maine,September,57.55,43.0,1329328,15.153846153846152,250.35897435897442,0.2,0.07,0.11,0.26,0.16,0.2,0.011399629101204633,0.18833498907641638
419,Maryland,MD,Maryland,September,67.8,618.0,6006401,55.4102564102564,843.0769230769231,0.24,0.09,0.12,0.27,0.14,0.15,0.009225200983127235,0.1403630765040368
420,Massachusetts,MA,Massachusetts,September,63.06666666666666,871.0,6794422,72.48717948717949,991.4102564102564,0.22,0.09,0.13,0.27,0.14,0.16,0.010668630751398645,0.14591531942088032
421,Michigan,MI,Michigan,September,60.43333333333333,175.0,9922576,99.05128205128206,1704.5897435897436,0.23,0.09,0.11,0.25,0.14,0.17,0.009982416063256361,0.1717890337740667
422,Minnesota,MN,Minnesota,September,58.14,68.0,5489594,48.07692307692307,777.974358974359,0.24,0.09,0.12,0.26,0.14,0.15,0.00875782855288079,0.14171801393224326
423,Mississippi,MS,Mississippi,September,75.06666666666666,63.0,2992333,36.17948717948718,564.5128205128206,0.26,0.1,0.11,0.25,0.13,0.16,0.012090728932738163,0.18865307454511931
424,Missouri,MO,Missouri,September,69.30000000000001,88.0,6083672,66.23076923076923,1059.4358974358977,0.24,0.09,0.12,0.25,0.14,0.16,0.010886643663690158,0.17414415133424313
425,Montana,MT,Montana,September,57.33333333333332,7.0,1032949,9.820512820512821,171.53846153846158,0.23,0.09,0.11,0.24,0.15,0.18,0.009507258171035376,0.1660667288883203
426,Nebraska,NE,Nebraska,September,63.85,24.0,1896190,20.384615384615387,292.7179487179488,0.26,0.09,0.12,0.24,0.13,0.15,0.010750302124056865,0.15437163402293483
427,Nevada,NV,Nevada,September,64.44,26.0,2890845,24.051282051282055,405.05128205128204,0.24,0.09,0.13,0.27,0.13,0.16,0.008319810315420598,0.1401151850241995
428,New Hampshire,NH,New Hampshire,September,50.8,148.0,1330608,12.487179487179489,212.61538461538458,0.2,0.08,0.11,0.27,0.16,0.18,0.009384566669657396,0.159788145430799
429,New Jersey,NJ,New Jersey,September,68.16666666666667,1218.0,8958013,72.1794871794872,1293.5641025641025,0.23,0.08,0.12,0.27,0.14,0.16,0.008057533202897474,0.1444030168927085
430,New Mexico,NM,New Mexico,September,69.03333333333333,17.0,2085109,20.641025641025642,314.5897435897436,0.25,0.09,0.12,0.24,0.14,0.17,0.00989925497469228,0.15087448358322927
431,New York,NY,New York,September,64.25555555555555,420.0,19795791,123.1794871794872,1763.9230769230771,0.22,0.09,0.13,0.26,0.13,0.16,0.0062225089757457636,0.08910596585522029
432,North Carolina,NC,North Carolina,September,71.03333333333335,206.0,10042802,104.6153846153846,1565.820512820513,0.24,0.09,0.12,0.27,0.13,0.16,0.01041695182433992,0.1559147051610211
433,North Dakota,ND,North Dakota,September,57.8,10.0,756927,9.051282051282053,113.1794871794872,0.24,0.1,0.14,0.24,0.13,0.15,0.011957932602856092,0.14952497028047249
434,Ohio,OH,Ohio,September,64.55,284.0,11614373,128.53846153846158,2068.051282051282,0.24,0.09,0.12,0.25,0.14,0.17,0.011067189037106141,0.17805965780944716
435,Oklahoma,OK,Oklahoma,September,73.4,57.0,3911338,48.07692307692307,696.2307692307692,0.26,0.09,0.12,0.25,0.13,0.15,0.012291682047658134,0.17800322274136604
436,Oregon,OR,Oregon,September,61.675,41.0,4028977,27.56410256410257,621.7435897435898,0.22,0.09,0.13,0.26,0.13,0.17,0.006841464362815317,0.154317979413531
437,Pennsylvania,PA,Pennsylvania,September,64.775,286.0,12802503,132.33333333333334,2340.076923076923,0.22,0.08,0.12,0.25,0.14,0.18,0.010336520392405558,0.18278276701649068
438,Rhode Island,RI,Rhode Island,September,64.7,1021.0,1056298,12.282051282051285,175.61538461538458,0.21,0.09,0.12,0.26,0.14,0.17,0.011627449149814999,0.16625553074547578
439,South Carolina,SC,South Carolina,September,74.9,162.0,4896146,51.66666666666666,832.1282051282051,0.23,0.09,0.11,0.26,0.14,0.18,0.01055251756517609,0.1699557580856872
440,South Dakota,SD,South Dakota,September,60.675,11.0,858469,11.410256410256409,138.82051282051282,0.26,0.09,0.12,0.24,0.14,0.16,0.01329140179815044,0.16170707715772242
441,Tennessee,TN,Tennessee,September,71.33333333333333,160.0,6600299,83.76923076923076,1190.4102564102566,0.24,0.09,0.12,0.26,0.13,0.16,0.012691732718355752,0.18035701964566403
442,Texas,TX,Texas,September,76.64285714285714,105.0,27469114,213.35897435897442,3307.230769230769,0.28,0.1,0.13,0.26,0.11,0.12,0.00776723174831829,0.12039815951947956
443,Utah,UT,Utah,September,64.65,36.0,2995919,18.025641025641026,304.3076923076923,0.32,0.11,0.13,0.24,0.1,0.11,0.006016731769330554,0.10157407203188482
444,Vermont,VT,Vermont,September,60.5,67.0,626042,6.871794871794871,102.92307692307692,0.2,0.09,0.11,0.25,0.16,0.19,0.01097657165460923,0.16440283067761735
445,Virginia,VA,Virginia,September,69.5,212.0,8382993,64.7948717948718,1159.051282051282,0.24,0.09,0.12,0.27,0.13,0.15,0.007729324334980573,0.13826222711283215
446,Washington,WA,Washington,September,60.7,107.0,7170351,58.17948717948718,953.5128205128206,0.24,0.09,0.13,0.26,0.13,0.15,0.008113896680858048,0.13297993647909573
447,West Virginia,WV,West Virginia,September,65.07499999999999,76.0,1844128,30.30769230769231,410.05128205128204,0.22,0.08,0.1,0.26,0.15,0.19,0.016434701011910406,0.22235510878381654
448,Wisconsin,WI,Wisconsin,September,61.525,106.0,5771337,54.53846153846154,920.1538461538463,0.23,0.09,0.11,0.26,0.14,0.17,0.009449883369912647,0.15943512675725682
449,Wyoming,WY,Wyoming,September,58.25,6.0,586107,5.846153846153847,84.7948717948718,0.25,0.09,0.12,0.24,0.14,0.16,0.00997455045947898,0.14467472969077624
450,Alabama,AL,Alabama,October,65.5,95.0,4858979,54.46666666666667,934.7333333333332,0.24,0.09,0.11,0.26,0.14,0.17,0.011209487974051064,0.19237237562321904
451,Alaska,AK,Alaska,October,32.265,1.0,738432,5.022222222222221,78.33333333333333,0.27,0.09,0.14,0.26,0.13,0.11,0.006801197973844878,0.10608063211417346
452,Arizona,AZ,Arizona,October,64.9,60.0,6828065,53.35555555555555,950.8,0.25,0.09,0.12,0.25,0.12,0.17,0.007814154603911291,0.13924882085920387
453,Arkansas,AR,Arkansas,October,63.43333333333334,57.0,2978204,40.57777777777777,568.2,0.25,0.09,0.11,0.25,0.13,0.17,0.013624915478515834,0.19078612479198875
454,California,CA,California,October,62.50625,251.0,39144818,353.4888888888889,4590.955555555554,0.24,0.1,0.14,0.27,0.12,0.14,0.009030285666135653,0.11728131053146176
455,Colorado,CO,Colorado,October,49.64,52.0,5456574,38.888888888888886,664.6888888888889,0.24,0.09,0.14,0.27,0.13,0.14,0.00712697910610007,0.1218143268814624
456,Connecticut,CT,Connecticut,October,53.65,741.0,3590886,37.875,563.8,0.22,0.09,0.11,0.27,0.15,0.17,0.010547536179093405,0.1570086045616597
457,Delaware,DE,Delaware,October,56.2,485.0,945934,9.444444444444443,158.04444444444445,0.22,0.08,0.12,0.25,0.14,0.18,0.00998425307098005,0.16707766550778855
458,Florida,FL,Florida,October,74.6,378.0,20271272,185.64444444444442,3476.3111111111107,0.21,0.08,0.11,0.25,0.14,0.2,0.00915800668277967,0.1714895400303992
459,Georgia,GA,Georgia,October,65.26666666666667,177.0,10214860,76.04444444444445,1412.2444444444445,0.26,0.09,0.12,0.27,0.12,0.14,0.007444492087453421,0.13825392070419415
460,Hawaii,HI,Hawaii,October,77.15,222.0,1431603,18.0,190.13333333333333,0.23,0.07,0.13,0.25,0.13,0.18,0.012573318161529418,0.13281149406178483
461,Idaho,ID,Idaho,October,50.53333333333333,20.0,1654930,14.133333333333333,239.48888888888888,0.27,0.09,0.11,0.24,0.13,0.15,0.00854013966351044,0.14471239804033334
462,Illinois,IL,Illinois,October,53.3,231.0,12859995,136.2,1981.6444444444446,0.24,0.09,0.12,0.26,0.13,0.15,0.0105909839000715,0.15409371811143352
463,Indiana,IN,Indiana,October,54.275,184.0,6619680,78.8,1143.111111111111,0.25,0.09,0.12,0.26,0.13,0.15,0.01190389867788171,0.1726837416780133
464,Iowa,IA,Iowa,October,50.625,55.0,3123899,39.6,553.4444444444445,0.25,0.09,0.11,0.25,0.14,0.16,0.012676466172561917,0.177164640868493
465,Kansas,KS,Kansas,October,55.74,36.0,2911641,33.86666666666667,484.4666666666666,0.26,0.09,0.12,0.24,0.13,0.15,0.0116314705922422,0.16638956061776386
466,Kentucky,KY,Kentucky,October,58.02500000000001,112.0,4425092,65.84444444444446,839.3333333333335,0.24,0.09,0.11,0.26,0.14,0.16,0.014879791074274718,0.1896759057966102
467,Louisiana,LA,Louisiana,October,69.175,108.0,4670724,38.177777777777784,790.0666666666667,0.26,0.09,0.12,0.25,0.13,0.15,0.008173845805870307,0.16915293360658148
468,Maine,ME,Maine,October,46.05,43.0,1329328,16.88888888888889,261.1111111111111,0.2,0.07,0.11,0.26,0.16,0.2,0.012704831981940416,0.1964233891944735
469,Maryland,MD,Maryland,October,56.1,618.0,6006401,62.31111111111111,876.4,0.24,0.09,0.12,0.27,0.14,0.15,0.01037411773058627,0.14591100394395912
470,Massachusetts,MA,Massachusetts,October,51.86666666666667,871.0,6794422,82.6,1044.5111111111114,0.22,0.09,0.13,0.27,0.14,0.16,0.012157031164681852,0.1537306795355236
471,Michigan,MI,Michigan,October,48.76666666666667,175.0,9922576,110.86666666666666,1760.2888888888888,0.23,0.09,0.11,0.25,0.14,0.17,0.011173173847866386,0.1774024093026739
472,Minnesota,MN,Minnesota,October,45.46,68.0,5489594,53.86666666666667,810.1555555555556,0.24,0.09,0.12,0.26,0.14,0.15,0.009812504652742382,0.14758023189976446
473,Mississippi,MS,Mississippi,October,64.43333333333334,63.0,2992333,35.31111111111111,562.9777777777778,0.26,0.1,0.11,0.25,0.13,0.16,0.011800528587931595,0.18814008259701637
474,Missouri,MO,Missouri,October,57.7,88.0,6083672,70.35555555555554,1087.911111111111,0.24,0.09,0.12,0.25,0.14,0.16,0.01156465298516349,0.178824747802168
475,Montana,MT,Montana,October,45.15000000000001,7.0,1032949,10.6,179.8,0.23,0.09,0.11,0.24,0.15,0.18,0.010261881273906068,0.17406474085361429
476,Nebraska,NE,Nebraska,October,50.9375,24.0,1896190,23.4,298.8,0.26,0.09,0.12,0.24,0.13,0.15,0.012340535494860746,0.15757914554976032
477,Nevada,NV,Nevada,October,52.54,26.0,2890845,24.2,400.53333333333336,0.24,0.09,0.13,0.27,0.13,0.16,0.00837125477152874,0.13855233792656935
478,New Hampshire,NH,New Hampshire,October,39.2,148.0,1330608,14.155555555555555,221.04444444444442,0.2,0.08,0.11,0.27,0.16,0.18,0.010638411579936056,0.166122888517463
479,New Jersey,NJ,New Jersey,October,57.13333333333333,1218.0,8958013,75.66666666666667,1336.6444444444444,0.23,0.08,0.12,0.27,0.14,0.16,0.008446813670248824,0.14921215725456574
480,New Mexico,NM,New Mexico,October,57.8,17.0,2085109,20.555555555555557,321.2,0.25,0.09,0.12,0.24,0.14,0.17,0.009858264270863325,0.15404470461736053
481,New York,NY,New York,October,52.94444444444446,420.0,19795791,138.4,1833.9777777777774,0.22,0.09,0.13,0.26,0.13,0.16,0.006991385188902024,0.09264483433765175
482,North Carolina,NC,North Carolina,October,61.06666666666666,206.0,10042802,115.14634146341464,1591.1707317073171,0.24,0.09,0.12,0.27,0.13,0.16,0.01146555925959853,0.15843892289296524
483,North Dakota,ND,North Dakota,October,44.1,10.0,756927,10.955555555555556,117.62222222222222,0.24,0.1,0.14,0.24,0.13,0.15,0.01447372805509059,0.1553944068876156
484,Ohio,OH,Ohio,October,53.1125,284.0,11614373,140.02222222222218,2116.0,0.24,0.09,0.12,0.25,0.14,0.17,0.012055943288735618,0.1821880526826545
485,Oklahoma,OK,Oklahoma,October,61.8,57.0,3911338,53.53333333333333,710.4666666666667,0.26,0.09,0.12,0.25,0.13,0.15,0.013686706015520349,0.18164287174022464
486,Oregon,OR,Oregon,October,52.075,41.0,4028977,33.46666666666667,638.8222222222222,0.22,0.09,0.13,0.26,0.13,0.17,0.008306492359392141,0.15855692951888833
487,Pennsylvania,PA,Pennsylvania,October,53.3875,286.0,12802503,145.73333333333332,2421.288888888889,0.22,0.08,0.12,0.25,0.14,0.18,0.01138319071929398,0.18912621140482364
488,Rhode Island,RI,Rhode Island,October,53.6,1021.0,1056298,13.533333333333333,180.95555555555558,0.21,0.09,0.12,0.26,0.14,0.17,0.012812041046497611,0.17131108414060764
489,South Carolina,SC,South Carolina,October,65.3,162.0,4896146,54.755555555555546,854.2888888888889,0.23,0.09,0.11,0.26,0.14,0.18,0.011183399260470489,0.17448190656260842
490,South Dakota,SD,South Dakota,October,47.175,11.0,858469,13.488888888888885,148.68888888888893,0.26,0.09,0.12,0.24,0.14,0.16,0.01571272682984346,0.17320239739453483
491,Tennessee,TN,Tennessee,October,60.26666666666666,160.0,6600299,89.86666666666666,1208.088888888889,0.24,0.09,0.12,0.26,0.13,0.16,0.013615544790723369,0.1830354789819202
492,Texas,TX,Texas,October,67.49523809523811,105.0,27469114,227.35555555555558,3383.3111111111107,0.28,0.1,0.13,0.26,0.11,0.12,0.008276770614281755,0.12316782809635254
493,Utah,UT,Utah,October,51.9,36.0,2995919,19.977777777777774,310.06666666666666,0.32,0.11,0.13,0.24,0.1,0.11,0.00666833041139556,0.103496345083651
494,Vermont,VT,Vermont,October,48.1,67.0,626042,7.111111111111112,105.82222222222221,0.2,0.09,0.11,0.25,0.16,0.19,0.011358840319197611,0.16903374250005943
495,Virginia,VA,Virginia,October,58.925,212.0,8382993,71.31111111111113,1196.6666666666667,0.24,0.09,0.12,0.27,0.13,0.15,0.008506640899152741,0.14274933387951852
496,Washington,WA,Washington,October,50.957142857142856,107.0,7170351,69.2,992.3777777777775,0.24,0.09,0.13,0.26,0.13,0.15,0.009650852517540633,0.13840016726904686
497,West Virginia,WV,West Virginia,October,54.375,76.0,1844128,32.822222222222216,405.8222222222222,0.22,0.08,0.1,0.26,0.15,0.19,0.017798234299474993,0.2200618515754992
498,Wisconsin,WI,Wisconsin,October,49.375,106.0,5771337,58.33333333333334,967.8666666666667,0.23,0.09,0.11,0.26,0.14,0.17,0.010107421093818183,0.16770233078863125
499,Wyoming,WY,Wyoming,October,45.65,6.0,586107,6.177777777777778,87.64444444444445,0.25,0.09,0.12,0.24,0.14,0.16,0.010540358292560536,0.1495365939059667
500,Alabama,AL,Alabama,November,55.9,95.0,4858979,58.26829268292683,958.829268292683,0.24,0.09,0.11,0.26,0.14,0.17,0.011991879916115469,0.1973314287410345
501,Alaska,AK,Alaska,November,19.610000000000007,1.0,738432,4.926829268292684,78.73170731707317,0.27,0.09,0.14,0.26,0.13,0.11,0.006672014848073599,0.10662011846327513
502,Arizona,AZ,Arizona,November,53.31999999999999,60.0,6828065,57.73170731707317,977.390243902439,0.25,0.09,0.12,0.25,0.12,0.17,0.008455061180154726,0.14314307844205335
503,Arkansas,AR,Arkansas,November,52.33333333333334,57.0,2978204,43.75609756097561,583.5365853658536,0.25,0.09,0.11,0.25,0.13,0.17,0.014692108922349043,0.19593573353801608
504,California,CA,California,November,54.58749999999999,251.0,39144818,397.8780487804878,4766.487804878048,0.24,0.1,0.14,0.27,0.12,0.14,0.010164258492158216,0.12176548642729795
505,Colorado,CO,Colorado,November,36.84,52.0,5456574,38.90243902439025,661.780487804878,0.24,0.09,0.14,0.27,0.13,0.14,0.007129462374081291,0.12128131824197344
506,Connecticut,CT,Connecticut,November,44.45,741.0,3590886,41.8974358974359,576.9487179487179,0.22,0.09,0.11,0.27,0.15,0.17,0.011667715404341965,0.16067029639724512
507,Delaware,DE,Delaware,November,46.6,485.0,945934,8.78048780487805,158.68292682926833,0.22,0.08,0.12,0.25,0.14,0.18,0.009282347187941282,0.16775264112429444
508,Florida,FL,Florida,November,67.55384615384615,378.0,20271272,193.2682926829268,3504.9268292682927,0.21,0.08,0.11,0.25,0.14,0.2,0.00953409794328283,0.17290117903150293
509,Georgia,GA,Georgia,November,56.23333333333333,177.0,10214860,86.70731707317074,1456.7073170731708,0.26,0.09,0.12,0.27,0.12,0.14,0.0084883509977788,0.14260668448448346
510,Hawaii,HI,Hawaii,November,75.125,222.0,1431603,19.87804878048781,195.0975609756097,0.23,0.07,0.13,0.25,0.13,0.18,0.013885168430415281,0.13627909481581815
511,Idaho,ID,Idaho,November,38.466666666666654,20.0,1654930,15.414634146341465,241.6341463414634,0.27,0.09,0.11,0.24,0.13,0.15,0.009314372297524043,0.14600868093602956
512,Illinois,IL,Illinois,November,40.78,231.0,12859995,141.5609756097561,2003.780487804878,0.24,0.09,0.12,0.26,0.13,0.15,0.011007856193548762,0.155815028528773
513,Indiana,IN,Indiana,November,43.125,184.0,6619680,79.60975609756099,1150.7560975609756,0.25,0.09,0.12,0.26,0.13,0.15,0.012026224243099513,0.17383862929340627
514,Iowa,IA,Iowa,November,36.575,55.0,3123899,41.90243902439025,563.9268292682926,0.25,0.09,0.11,0.25,0.14,0.16,0.013413506334356598,0.18052018623786897
515,Kansas,KS,Kansas,November,42.52,36.0,2911641,34.26829268292683,491.0731707317073,0.26,0.09,0.12,0.24,0.13,0.15,0.011769408619718855,0.16865855740172203
516,Kentucky,KY,Kentucky,November,47.575,112.0,4425092,69.1951219512195,841.9512195121953,0.24,0.09,0.11,0.26,0.14,0.16,0.015636990587137963,0.19026750619245775
517,Louisiana,LA,Louisiana,November,60.125,108.0,4670724,43.3170731707317,812.2926829268292,0.26,0.09,0.12,0.25,0.13,0.15,0.009274166739617177,0.17391151413074915
518,Maine,ME,Maine,November,35.45,43.0,1329328,16.829268292682926,263.6829268292683,0.2,0.07,0.11,0.26,0.16,0.2,0.012659981804853976,0.19835806274242948
519,Maryland,MD,Maryland,November,46.5,618.0,6006401,61.463414634146346,886.2682926829268,0.24,0.09,0.12,0.27,0.14,0.15,0.010232985548941262,0.14755396662376133
520,Massachusetts,MA,Massachusetts,November,42.23333333333333,871.0,6794422,85.6829268292683,1057.3902439024394,0.22,0.09,0.13,0.27,0.14,0.16,0.012610774960588008,0.15562622455632566
521,Michigan,MI,Michigan,November,37.76666666666667,175.0,9922576,113.85365853658536,1761.658536585366,0.23,0.09,0.11,0.25,0.14,0.17,0.011474203728606901,0.17754044278273765
522,Minnesota,MN,Minnesota,November,30.44,68.0,5489594,54.19512195121951,805.0,0.24,0.09,0.12,0.26,0.14,0.15,0.009872336998185934,0.14664108128943595
523,Mississippi,MS,Mississippi,November,54.63333333333333,63.0,2992333,40.73170731707317,578.0975609756098,0.26,0.1,0.11,0.25,0.13,0.16,0.013612023567254439,0.19319292370722435
524,Missouri,MO,Missouri,November,45.675,88.0,6083672,72.24390243902441,1092.0243902439024,0.24,0.09,0.12,0.25,0.14,0.16,0.011875048891364362,0.17950086563573817
525,Montana,MT,Montana,November,32.666666666666664,7.0,1032949,10.390243902439023,175.2439024390244,0.23,0.09,0.11,0.24,0.15,0.18,0.010058815974882614,0.16965397366087231
526,Nebraska,NE,Nebraska,November,36.9875,24.0,1896190,22.34146341463415,308.3414634146341,0.26,0.09,0.12,0.24,0.13,0.15,0.011782291550231859,0.16261105870964096
527,Nevada,NV,Nevada,November,40.86,26.0,2890845,27.853658536585368,415.0,0.24,0.09,0.13,0.27,0.13,0.16,0.009635126939211671,0.14355664174315813
528,New Hampshire,NH,New Hampshire,November,29.5,148.0,1330608,14.926829268292684,217.0975609756097,0.2,0.08,0.11,0.27,0.16,0.18,0.01121805164878964,0.16315666295077866
529,New Jersey,NJ,New Jersey,November,47.66666666666666,1218.0,8958013,81.21951219512195,1370.9512195121954,0.23,0.08,0.12,0.27,0.14,0.16,0.009066688359921105,0.1530418876945362
530,New Mexico,NM,New Mexico,November,45.93333333333334,17.0,2085109,23.121951219512194,319.63414634146335,0.25,0.09,0.12,0.24,0.14,0.17,0.011089085136322462,0.1532937349277488
531,New York,NY,New York,November,43.155555555555566,420.0,19795791,144.53658536585363,1868.3658536585365,0.22,0.09,0.13,0.26,0.13,0.16,0.007301379640038311,0.09438197512079899
532,North Carolina,NC,North Carolina,November,52.15,206.0,10042802,125.3846153846154,1639.4871794871797,0.24,0.09,0.12,0.27,0.13,0.16,0.012485023142407408,0.1632499754039938
533,North Dakota,ND,North Dakota,November,27.8,10.0,756927,9.219512195121949,118.17073170731709,0.24,0.1,0.14,0.24,0.13,0.15,0.012180186722262449,0.15611905997185607
534,Ohio,OH,Ohio,November,42.7,284.0,11614373,146.97560975609755,2109.9756097560976,0.24,0.09,0.12,0.25,0.14,0.17,0.012654631442962746,0.1816693513938374
535,Oklahoma,OK,Oklahoma,November,50.2,57.0,3911338,56.19512195121951,723.829268292683,0.26,0.09,0.12,0.25,0.13,0.15,0.014367237490398302,0.18505924783096808
536,Oregon,OR,Oregon,November,42.9875,41.0,4028977,37.195121951219505,648.7073170731708,0.22,0.09,0.13,0.26,0.13,0.17,0.009231902279715052,0.16101042946464345
537,Pennsylvania,PA,Pennsylvania,November,43.4625,286.0,12802503,148.21951219512198,2436.926829268293,0.22,0.08,0.12,0.25,0.14,0.18,0.01157738546869483,0.19034768664129922
538,Rhode Island,RI,Rhode Island,November,44.5,1021.0,1056298,14.1,181.55,0.21,0.09,0.12,0.26,0.14,0.17,0.013348505819380517,0.1718738462062789
539,South Carolina,SC,South Carolina,November,56.575,162.0,4896146,58.80487804878049,868.3414634146343,0.23,0.09,0.11,0.26,0.14,0.18,0.012010442100537951,0.1773520363597479
540,South Dakota,SD,South Dakota,November,32.25,11.0,858469,12.0,143.65853658536585,0.26,0.09,0.12,0.24,0.14,0.16,0.01397837312704361,0.16734271893960742
541,Tennessee,TN,Tennessee,November,49.86666666666667,160.0,6600299,96.75609756097559,1225.0487804878046,0.24,0.09,0.12,0.26,0.13,0.16,0.01465935066895842,0.18560504311816853
542,Texas,TX,Texas,November,56.94285714285714,105.0,27469114,244.19512195121948,3426.2195121951213,0.28,0.1,0.13,0.26,0.11,0.12,0.0088898070011002,0.12472988798237618
543,Utah,UT,Utah,November,38.9,36.0,2995919,21.756097560975608,310.1219512195122,0.32,0.11,0.13,0.24,0.1,0.11,0.007261911140112803,0.10351479837055413
544,Vermont,VT,Vermont,November,38.2,67.0,626042,8.55,105.75,0.2,0.09,0.11,0.25,0.16,0.19,0.013657230665035254,0.1689183792780676
545,Virginia,VA,Virginia,November,49.55,212.0,8382993,75.58536585365853,1191.121951219512,0.24,0.09,0.12,0.27,0.13,0.15,0.009016513058481442,0.14208790955921258
546,Washington,WA,Washington,November,42.02857142857143,107.0,7170351,72.92682926829268,1002.6829268292682,0.24,0.09,0.13,0.26,0.13,0.15,0.010170608003470496,0.1398373561948736
547,West Virginia,WV,West Virginia,November,44.90000000000001,76.0,1844128,34.0,427.2051282051282,0.22,0.08,0.1,0.26,0.15,0.19,0.01843689808950355,0.23165698270680135
548,Wisconsin,WI,Wisconsin,November,36.425,106.0,5771337,59.609756097560975,963.5365853658536,0.23,0.09,0.11,0.26,0.14,0.17,0.010328586963048766,0.16695205727301207
549,Wyoming,WY,Wyoming,November,33.5,6.0,586107,6.390243902439026,89.6829268292683,0.25,0.09,0.12,0.24,0.14,0.16,0.010902862280162198,0.15301459772578777
550,Alabama,AL,Alabama,December,47.775,95.0,4858979,73.26470588235293,1042.5,0.24,0.09,0.11,0.26,0.14,0.17,0.015078210027734825,0.21455124625975952
551,Alaska,AK,Alaska,December,14.860000000000005,1.0,738432,5.470588235294118,82.58823529411767,0.27,0.09,0.14,0.26,0.13,0.11,0.007408384570676945,0.11184270900247777
552,Arizona,AZ,Arizona,December,45.24,60.0,6828065,69.08823529411765,1025.6764705882354,0.25,0.09,0.12,0.25,0.12,0.17,0.010118274400451321,0.15021480764876072
553,Arkansas,AR,Arkansas,December,42.46666666666667,57.0,2978204,54.558823529411775,625.6470588235294,0.25,0.09,0.11,0.25,0.13,0.17,0.01831937084545309,0.21007528659001512
554,California,CA,California,December,48.90000000000001,251.0,39144818,462.9411764705882,5103.911764705882,0.24,0.1,0.14,0.27,0.12,0.14,0.011826371921580736,0.13038537475652287
555,Colorado,CO,Colorado,December,27.26,52.0,5456574,47.79411764705882,696.6470588235294,0.24,0.09,0.14,0.27,0.13,0.14,0.008758997430816264,0.12767114655157785
556,Connecticut,CT,Connecticut,December,33.95,741.0,3590886,44.38235294117647,599.4411764705882,0.22,0.09,0.11,0.27,0.15,0.17,0.012359722068920168,0.16693405930196284
557,Delaware,DE,Delaware,December,36.7,485.0,945934,10.529411764705884,168.82352941176467,0.22,0.08,0.12,0.25,0.14,0.18,0.011131233008545929,0.1784728420923285
558,Florida,FL,Florida,December,61.65384615384616,378.0,20271272,217.88235294117646,3670.2941176470586,0.21,0.08,0.11,0.25,0.14,0.2,0.010748331576882618,0.1810588954480537
559,Georgia,GA,Georgia,December,48.06666666666666,177.0,10214860,105.61764705882355,1570.5,0.26,0.09,0.12,0.27,0.12,0.14,0.010339607890741875,0.15374660054078076
560,Hawaii,HI,Hawaii,December,72.77499999999998,222.0,1431603,23.264705882352942,203.5,0.23,0.07,0.13,0.25,0.13,0.18,0.016250808277401586,0.14214834699284648
561,Idaho,ID,Idaho,December,29.633333333333336,20.0,1654930,16.61764705882353,247.55882352941174,0.27,0.09,0.11,0.24,0.13,0.15,0.010041299063297862,0.14958869772704086
562,Illinois,IL,Illinois,December,27.74,231.0,12859995,166.41176470588238,2147.5,0.24,0.09,0.12,0.26,0.13,0.15,0.012940266672411799,0.16699073366669273
563,Indiana,IN,Indiana,December,31.3,184.0,6619680,99.55882352941177,1234.5588235294115,0.25,0.09,0.12,0.26,0.13,0.15,0.015039824210446997,0.1864982632890731
564,Iowa,IA,Iowa,December,23.05,55.0,3123899,48.11764705882353,596.9705882352941,0.25,0.09,0.11,0.25,0.14,0.16,0.015403073869809339,0.19109791585300745
565,Kansas,KS,Kansas,December,31.72,36.0,2911641,40.147058823529406,519.2941176470588,0.26,0.09,0.12,0.24,0.13,0.15,0.013788464588707677,0.17835101155913752
566,Kentucky,KY,Kentucky,December,37.2,112.0,4425092,84.97058823529412,914.0882352941176,0.24,0.09,0.11,0.26,0.14,0.16,0.01920199359364599,0.20656931772133044
567,Louisiana,LA,Louisiana,December,52.675,108.0,4670724,55.70588235294117,875.7941176470587,0.26,0.09,0.12,0.25,0.13,0.15,0.011926605458370302,0.18750714399888727
568,Maine,ME,Maine,December,23.5,43.0,1329328,19.764705882352946,269.5,0.2,0.07,0.11,0.26,0.16,0.2,0.01486819346493337,0.2027340129749768
569,Maryland,MD,Maryland,December,36.7,618.0,6006401,69.82352941176471,929.2352941176473,0.24,0.09,0.12,0.27,0.14,0.15,0.01162485312115603,0.1547075018996646
570,Massachusetts,MA,Massachusetts,December,31.8,871.0,6794422,92.82352941176471,1095.8235294117646,0.22,0.09,0.13,0.27,0.14,0.16,0.013661725664341236,0.16128281837833516
571,Michigan,MI,Michigan,December,26.666666666666664,175.0,9922576,124.91176470588236,1845.9411764705883,0.23,0.09,0.11,0.25,0.14,0.17,0.012588642778435999,0.18603447093482461
572,Minnesota,MN,Minnesota,December,15.960000000000004,68.0,5489594,62.029411764705884,840.4411764705882,0.24,0.09,0.12,0.26,0.14,0.15,0.01129945343220389,0.15309714643206548
573,Mississippi,MS,Mississippi,December,46.66666666666666,63.0,2992333,48.470588235294116,626.0,0.26,0.1,0.11,0.25,0.13,0.16,0.016198260098489747,0.20920131549530083
574,Missouri,MO,Missouri,December,33.95,88.0,6083672,88.02941176470587,1177.4117647058827,0.24,0.09,0.12,0.25,0.14,0.16,0.014469782684652604,0.19353636499566096
575,Montana,MT,Montana,December,22.66666666666667,7.0,1032949,12.970588235294118,185.64705882352942,0.23,0.09,0.11,0.24,0.15,0.18,0.01255685250219916,0.17972529023555803
576,Nebraska,NE,Nebraska,December,25.5,24.0,1896190,25.911764705882355,320.35294117647067,0.26,0.09,0.12,0.24,0.13,0.15,0.01366517316612911,0.16894559151586638
577,Nevada,NV,Nevada,December,32.540000000000006,26.0,2890845,33.20588235294117,430.7352941176471,0.24,0.09,0.13,0.27,0.13,0.16,0.011486566160738872,0.14899978868380942
578,New Hampshire,NH,New Hampshire,December,18.45,148.0,1330608,16.323529411764707,220.61764705882354,0.2,0.08,0.11,0.27,0.16,0.18,0.012267722283170331,0.16580213485776693
579,New Jersey,NJ,New Jersey,December,37.86666666666667,1218.0,8958013,89.08823529411767,1445.3823529411764,0.23,0.08,0.12,0.27,0.14,0.16,0.00994508886000921,0.1613507764435234
580,New Mexico,NM,New Mexico,December,37.16666666666666,17.0,2085109,26.558823529411764,342.61764705882354,0.25,0.09,0.12,0.24,0.14,0.17,0.012737378971272853,0.16431642041678565
581,New York,NY,New York,December,32.7,420.0,19795791,159.58823529411762,1983.3235294117649,0.22,0.09,0.13,0.26,0.13,0.16,0.008061725610970414,0.10018915280585479
582,North Carolina,NC,North Carolina,December,43.68333333333334,206.0,10042802,145.82352941176467,1733.0588235294117,0.24,0.09,0.12,0.27,0.13,0.16,0.014520203565873814,0.17256725996683114
583,North Dakota,ND,North Dakota,December,13.925,10.0,756927,10.676470588235292,121.85294117647058,0.24,0.1,0.14,0.24,0.13,0.15,0.014105020151527549,0.16098374239057475
584,Ohio,OH,Ohio,December,31.475,284.0,11614373,171.7647058823529,2267.8529411764707,0.24,0.09,0.12,0.25,0.14,0.17,0.014788977922644029,0.1952626234043345
585,Oklahoma,OK,Oklahoma,December,39.6,57.0,3911338,66.14705882352939,772.4117647058823,0.26,0.09,0.12,0.25,0.13,0.15,0.016911619201288506,0.19748018829001285
586,Oregon,OR,Oregon,December,37.075,41.0,4028977,44.20588235294117,686.8235294117648,0.22,0.09,0.13,0.26,0.13,0.17,0.010971986773054592,0.17047094818654085
587,Pennsylvania,PA,Pennsylvania,December,33.025,286.0,12802503,171.2352941176471,2617.382352941177,0.22,0.08,0.12,0.25,0.14,0.18,0.013375141885742741,0.20444301813021853
588,Rhode Island,RI,Rhode Island,December,34.3,1021.0,1056298,17.470588235294116,198.35294117647058,0.21,0.09,0.12,0.26,0.14,0.17,0.016539450264313776,0.18778123330392615
589,South Carolina,SC,South Carolina,December,48.52500000000001,162.0,4896146,69.61764705882354,920.4411764705884,0.23,0.09,0.11,0.26,0.14,0.18,0.01421886664711868,0.18799300030484964
590,South Dakota,SD,South Dakota,December,19.75,11.0,858469,13.529411764705882,149.67647058823533,0.26,0.09,0.12,0.24,0.14,0.16,0.015759930486372694,0.17435279618511015
591,Tennessee,TN,Tennessee,December,40.81666666666667,160.0,6600299,116.17647058823529,1307.7058823529412,0.24,0.09,0.12,0.26,0.13,0.16,0.017601698133408093,0.19812827909052927
592,Texas,TX,Texas,December,48.31428571428571,105.0,27469114,302.5588235294117,3715.6764705882347,0.28,0.1,0.13,0.26,0.11,0.12,0.011014509733710804,0.13526743056176602
593,Utah,UT,Utah,December,29.05,36.0,2995919,24.911764705882355,326.64705882352933,0.32,0.11,0.13,0.24,0.1,0.11,0.008315233057329773,0.10903067099728976
594,Vermont,VT,Vermont,December,25.8,67.0,626042,9.5,111.02941176470587,0.2,0.09,0.11,0.25,0.16,0.19,0.015174700738928059,0.17735137860511893
595,Virginia,VA,Virginia,December,40.425,212.0,8382993,88.26470588235294,1287.2647058823532,0.24,0.09,0.12,0.27,0.13,0.15,0.010529020587557803,0.1535566957866186
596,Washington,WA,Washington,December,35.72857142857143,107.0,7170351,81.0,1032.6764705882354,0.24,0.09,0.13,0.26,0.13,0.15,0.01129651812024265,0.14402035138701513
597,West Virginia,WV,West Virginia,December,35.275,76.0,1844128,39.70588235294117,443.5294117647058,0.22,0.08,0.1,0.26,0.15,0.19,0.02153097960279393,0.24050901660009813
598,Wisconsin,WI,Wisconsin,December,23.15,106.0,5771337,69.94117647058823,1015.6176470588236,0.23,0.09,0.11,0.26,0.14,0.17,0.012118712955176284,0.17597614678519444
599,Wyoming,WY,Wyoming,December,24.375,6.0,586107,7.0588235294117645,90.61764705882355,0.25,0.09,0.12,0.24,0.14,0.16,0.012043574858194432,0.15460939224207107
